Ticker,Trg
A,NASDAQ (ZDA)
AA,NASDAQ (ZDA)
AAL,NASDAQ (ZDA)
AAME,NASDAQ (ZDA)
AAMI,NASDAQ (ZDA)
AAOI,NASDAQ (ZDA)
AAON,NASDAQ (ZDA)
AAP,NASDAQ (ZDA)
AAPL,NASDAQ (ZDA)
AAT,NASDAQ (ZDA)
AB,NASDAQ (ZDA)
ABAT,NASDAQ (ZDA)
ABBV,NASDAQ (ZDA)
ABCB,NASDAQ (ZDA)
ABCL,NASDAQ (ZDA)
ABEO,NASDAQ (ZDA)
ABEV,NASDAQ (ZDA)
ABG,NASDAQ (ZDA)
ABM,NASDAQ (ZDA)
ABNB,NASDAQ (ZDA)
ABOS,NASDAQ (ZDA)
ABR,NASDAQ (ZDA)
ABSI,NASDAQ (ZDA)
ABT,NASDAQ (ZDA)
ABTS,NASDAQ (ZDA)
ABUS,NASDAQ (ZDA)
ABX,NASDAQ (ZDA)
ACA,NASDAQ (ZDA)
ACAD,NASDAQ (ZDA)
ACB,NASDAQ (ZDA)
ACCO,NASDAQ (ZDA)
ACCS,NASDAQ (ZDA)
ACDC,NASDAQ (ZDA)
ACEL,NASDAQ (ZDA)
ACET,NASDAQ (ZDA)
ACFN,NASDAQ (ZDA)
ACGL,NASDAQ (ZDA)
ACGLN,NASDAQ (ZDA)
ACGLO,NASDAQ (ZDA)
ACH,NASDAQ (ZDA)
ACHC,NASDAQ (ZDA)
ACHR,NASDAQ (ZDA)
ACHV,NASDAQ (ZDA)
ACI,NASDAQ (ZDA)
ACIC,NASDAQ (ZDA)
ACIU,NASDAQ (ZDA)
ACIW,NASDAQ (ZDA)
ACLS,NASDAQ (ZDA)
ACM,NASDAQ (ZDA)
ACMR,NASDAQ (ZDA)
ACN,NASDAQ (ZDA)
ACNB,NASDAQ (ZDA)
ACNT,NASDAQ (ZDA)
ACON,NASDAQ (ZDA)
ACP,NASDAQ (ZDA)
ACR,NASDAQ (ZDA)
ACRE,NASDAQ (ZDA)
ACRS,NASDAQ (ZDA)
ACT,NASDAQ (ZDA)
ACTG,NASDAQ (ZDA)
ACU,NASDAQ (ZDA)
ACV,NASDAQ (ZDA)
ACVA,NASDAQ (ZDA)
AD,NASDAQ (ZDA)
ADAG,NASDAQ (ZDA)
ADAM,NASDAQ (ZDA)
ADAML,NASDAQ (ZDA)
ADAMM,NASDAQ (ZDA)
ADAMN,NASDAQ (ZDA)
ADAMZ,NASDAQ (ZDA)
ADBE,NASDAQ (ZDA)
ADC,NASDAQ (ZDA)
ADCT,NASDAQ (ZDA)
ADEA,NASDAQ (ZDA)
ADI,NASDAQ (ZDA)
ADIL,NASDAQ (ZDA)
ADM,NASDAQ (ZDA)
ADMA,NASDAQ (ZDA)
ADNT,NASDAQ (ZDA)
ADP,NASDAQ (ZDA)
ADPT,NASDAQ (ZDA)
ADSE,NASDAQ (ZDA)
ADSK,NASDAQ (ZDA)
ADT,NASDAQ (ZDA)
ADTN,NASDAQ (ZDA)
ADUS,NASDAQ (ZDA)
ADV,NASDAQ (ZDA)
ADX,NASDAQ (ZDA)
ADXN,NASDAQ (ZDA)
AEC,NASDAQ (ZDA)
AEE,NASDAQ (ZDA)
AEF,NASDAQ (ZDA)
AEFC,NASDAQ (ZDA)
AEG,NASDAQ (ZDA)
AEHR,NASDAQ (ZDA)
AEIS,NASDAQ (ZDA)
AEM,NASDAQ (ZDA)
AEMD,NASDAQ (ZDA)
AENT,NASDAQ (ZDA)
AEO,NASDAQ (ZDA)
AEP,NASDAQ (ZDA)
AER,NASDAQ (ZDA)
AES,NASDAQ (ZDA)
AEVA,NASDAQ (ZDA)
AEYE,NASDAQ (ZDA)
AFB,NASDAQ (ZDA)
AFBI,NASDAQ (ZDA)
AFCG,NASDAQ (ZDA)
AFG,NASDAQ (ZDA)
AFGB,NASDAQ (ZDA)
AFGC,NASDAQ (ZDA)
AFGD,NASDAQ (ZDA)
AFGE,NASDAQ (ZDA)
AFL,NASDAQ (ZDA)
AFRI,NASDAQ (ZDA)
AFRM,NASDAQ (ZDA)
AFYA,NASDAQ (ZDA)
AG,NASDAQ (ZDA)
AGCO,NASDAQ (ZDA)
AGD,NASDAQ (ZDA)
AGEN,NASDAQ (ZDA)
AGI,NASDAQ (ZDA)
AGIO,NASDAQ (ZDA)
AGL,NASDAQ (ZDA)
AGM,NASDAQ (ZDA)
AGNC,NASDAQ (ZDA)
AGNCM,NASDAQ (ZDA)
AGNCN,NASDAQ (ZDA)
AGNCO,NASDAQ (ZDA)
AGNCP,NASDAQ (ZDA)
AGNT,NASDAQ (ZDA)
AGO,NASDAQ (ZDA)
AGPU,NASDAQ (ZDA)
AGRO,NASDAQ (ZDA)
AGX,NASDAQ (ZDA)
AGYS,NASDAQ (ZDA)
AHCO,NASDAQ (ZDA)
AHRT,NASDAQ (ZDA)
AHT,NASDAQ (ZDA)
AI,NASDAQ (ZDA)
AIFU,NASDAQ (ZDA)
AIG,NASDAQ (ZDA)
AIIO,NASDAQ (ZDA)
AIMD,NASDAQ (ZDA)
AIN,NASDAQ (ZDA)
AIO,NASDAQ (ZDA)
AIOS,NASDAQ (ZDA)
AIOT,NASDAQ (ZDA)
AIP,NASDAQ (ZDA)
AIR,NASDAQ (ZDA)
AIRG,NASDAQ (ZDA)
AIRI,NASDAQ (ZDA)
AIRJ,NASDAQ (ZDA)
AIRS,NASDAQ (ZDA)
AIRT,NASDAQ (ZDA)
AIRTP,NASDAQ (ZDA)
AISP,NASDAQ (ZDA)
AIT,NASDAQ (ZDA)
AIV,NASDAQ (ZDA)
AIZ,NASDAQ (ZDA)
AIZN,NASDAQ (ZDA)
AJG,NASDAQ (ZDA)
AKA,NASDAQ (ZDA)
AKAM,NASDAQ (ZDA)
AKAN,NASDAQ (ZDA)
AKO-A,NASDAQ (ZDA)
AKO-B,NASDAQ (ZDA)
AKR,NASDAQ (ZDA)
AKTX,NASDAQ (ZDA)
ALAR,NASDAQ (ZDA)
ALB,NASDAQ (ZDA)
ALC,NASDAQ (ZDA)
ALCO,NASDAQ (ZDA)
ALEC,NASDAQ (ZDA)
ALG,NASDAQ (ZDA)
ALGM,NASDAQ (ZDA)
ALGN,NASDAQ (ZDA)
ALGS,NASDAQ (ZDA)
ALGT,NASDAQ (ZDA)
ALHC,NASDAQ (ZDA)
ALK,NASDAQ (ZDA)
ALKS,NASDAQ (ZDA)
ALKT,NASDAQ (ZDA)
ALL,NASDAQ (ZDA)
ALLE,NASDAQ (ZDA)
ALLO,NASDAQ (ZDA)
ALLT,NASDAQ (ZDA)
ALLY,NASDAQ (ZDA)
ALM,NASDAQ (ZDA)
ALNT,NASDAQ (ZDA)
ALNY,NASDAQ (ZDA)
ALOT,NASDAQ (ZDA)
ALOY,NASDAQ (ZDA)
ALRM,NASDAQ (ZDA)
ALRS,NASDAQ (ZDA)
ALSN,NASDAQ (ZDA)
ALT,NASDAQ (ZDA)
ALTG,NASDAQ (ZDA)
ALTI,NASDAQ (ZDA)
ALTO,NASDAQ (ZDA)
ALV,NASDAQ (ZDA)
ALVO,NASDAQ (ZDA)
ALX,NASDAQ (ZDA)
AM,NASDAQ (ZDA)
AMAL,NASDAQ (ZDA)
AMAT,NASDAQ (ZDA)
AMBA,NASDAQ (ZDA)
AMBO,NASDAQ (ZDA)
AMBP,NASDAQ (ZDA)
AMCR,NASDAQ (ZDA)
AMCX,NASDAQ (ZDA)
AMD,NASDAQ (ZDA)
AME,NASDAQ (ZDA)
AMG,NASDAQ (ZDA)
AMGN,NASDAQ (ZDA)
AMH,NASDAQ (ZDA)
AMKR,NASDAQ (ZDA)
AMLX,NASDAQ (ZDA)
AMN,NASDAQ (ZDA)
AMP,NASDAQ (ZDA)
AMPG,NASDAQ (ZDA)
AMPH,NASDAQ (ZDA)
AMPL,NASDAQ (ZDA)
AMPY,NASDAQ (ZDA)
AMR,NASDAQ (ZDA)
AMRC,NASDAQ (ZDA)
AMRN,NASDAQ (ZDA)
AMRX,NASDAQ (ZDA)
AMSC,NASDAQ (ZDA)
AMSF,NASDAQ (ZDA)
AMT,NASDAQ (ZDA)
AMTB,NASDAQ (ZDA)
AMTX,NASDAQ (ZDA)
AMWL,NASDAQ (ZDA)
AMX,NASDAQ (ZDA)
AMZN,NASDAQ (ZDA)
AN,NASDAQ (ZDA)
ANAB,NASDAQ (ZDA)
ANDE,NASDAQ (ZDA)
ANET,NASDAQ (ZDA)
ANF,NASDAQ (ZDA)
ANGH,NASDAQ (ZDA)
ANGI,NASDAQ (ZDA)
ANGO,NASDAQ (ZDA)
ANIK,NASDAQ (ZDA)
ANIP,NASDAQ (ZDA)
ANIX,NASDAQ (ZDA)
ANNA,NASDAQ (ZDA)
ANNX,NASDAQ (ZDA)
ANTX,NASDAQ (ZDA)
ANY,NASDAQ (ZDA)
AOD,NASDAQ (ZDA)
AOMR,NASDAQ (ZDA)
AON,NASDAQ (ZDA)
AORT,NASDAQ (ZDA)
AOS,NASDAQ (ZDA)
AOSL,NASDAQ (ZDA)
AOUT,NASDAQ (ZDA)
AP,NASDAQ (ZDA)
APA,NASDAQ (ZDA)
APAM,NASDAQ (ZDA)
APD,NASDAQ (ZDA)
APEI,NASDAQ (ZDA)
APG,NASDAQ (ZDA)
APH,NASDAQ (ZDA)
API,NASDAQ (ZDA)
APLD,NASDAQ (ZDA)
APLE,NASDAQ (ZDA)
APLM,NASDAQ (ZDA)
APO,NASDAQ (ZDA)
APOG,NASDAQ (ZDA)
APP,NASDAQ (ZDA)
APPF,NASDAQ (ZDA)
APPN,NASDAQ (ZDA)
APPS,NASDAQ (ZDA)
APT,NASDAQ (ZDA)
APTV,NASDAQ (ZDA)
APVO,NASDAQ (ZDA)
APYX,NASDAQ (ZDA)
AQMS,NASDAQ (ZDA)
AQN,NASDAQ (ZDA)
AQNB,NASDAQ (ZDA)
AQST,NASDAQ (ZDA)
AR,NASDAQ (ZDA)
ARBK,NASDAQ (ZDA)
ARCB,NASDAQ (ZDA)
ARCC,NASDAQ (ZDA)
ARCO,NASDAQ (ZDA)
ARCT,NASDAQ (ZDA)
ARDC,NASDAQ (ZDA)
ARDX,NASDAQ (ZDA)
ARE,NASDAQ (ZDA)
AREC,NASDAQ (ZDA)
ARES,NASDAQ (ZDA)
ARGX,NASDAQ (ZDA)
ARHS,NASDAQ (ZDA)
ARI,NASDAQ (ZDA)
ARIS,NASDAQ (ZDA)
ARKO,NASDAQ (ZDA)
ARKR,NASDAQ (ZDA)
ARL,NASDAQ (ZDA)
ARLO,NASDAQ (ZDA)
ARLP,NASDAQ (ZDA)
ARMK,NASDAQ (ZDA)
ARMP,NASDAQ (ZDA)
AROC,NASDAQ (ZDA)
AROW,NASDAQ (ZDA)
ARQ,NASDAQ (ZDA)
ARQQ,NASDAQ (ZDA)
ARQT,NASDAQ (ZDA)
ARR,NASDAQ (ZDA)
ARRY,NASDAQ (ZDA)
ARTNA,NASDAQ (ZDA)
ARTW,NASDAQ (ZDA)
ARVN,NASDAQ (ZDA)
ARW,NASDAQ (ZDA)
ARWR,NASDAQ (ZDA)
ASA,NASDAQ (ZDA)
ASAN,NASDAQ (ZDA)
ASB,NASDAQ (ZDA)
ASBP,NASDAQ (ZDA)
ASC,NASDAQ (ZDA)
ASG,NASDAQ (ZDA)
ASGI,NASDAQ (ZDA)
ASH,NASDAQ (ZDA)
ASIX,NASDAQ (ZDA)
ASLE,NASDAQ (ZDA)
ASM,NASDAQ (ZDA)
ASMB,NASDAQ (ZDA)
ASML,NASDAQ (ZDA)
ASND,NASDAQ (ZDA)
ASO,NASDAQ (ZDA)
ASPN,NASDAQ (ZDA)
ASPS,NASDAQ (ZDA)
ASR,NASDAQ (ZDA)
ASRT,NASDAQ (ZDA)
ASRV,NASDAQ (ZDA)
ASTC,NASDAQ (ZDA)
ASTE,NASDAQ (ZDA)
ASTH,NASDAQ (ZDA)
ASTL,NASDAQ (ZDA)
ASTS,NASDAQ (ZDA)
ASUR,NASDAQ (ZDA)
ASX,NASDAQ (ZDA)
ASYS,NASDAQ (ZDA)
ATAI,NASDAQ (ZDA)
ATEC,NASDAQ (ZDA)
ATEN,NASDAQ (ZDA)
ATEX,NASDAQ (ZDA)
ATHE,NASDAQ (ZDA)
ATHM,NASDAQ (ZDA)
ATI,NASDAQ (ZDA)
ATKR,NASDAQ (ZDA)
ATLC,NASDAQ (ZDA)
ATLCL,NASDAQ (ZDA)
ATLCP,NASDAQ (ZDA)
ATLO,NASDAQ (ZDA)
ATLX,NASDAQ (ZDA)
ATNI,NASDAQ (ZDA)
ATO,NASDAQ (ZDA)
ATOM,NASDAQ (ZDA)
ATOS,NASDAQ (ZDA)
ATR,NASDAQ (ZDA)
ATRA,NASDAQ (ZDA)
ATRC,NASDAQ (ZDA)
ATRO,NASDAQ (ZDA)
ATS,NASDAQ (ZDA)
ATXG,NASDAQ (ZDA)
AU,NASDAQ (ZDA)
AUB,NASDAQ (ZDA)
AUBN,NASDAQ (ZDA)
AUC,NASDAQ (ZDA)
AUDC,NASDAQ (ZDA)
AUPH,NASDAQ (ZDA)
AUR,NASDAQ (ZDA)
AURA,NASDAQ (ZDA)
AVA,NASDAQ (ZDA)
AVAH,NASDAQ (ZDA)
AVAL,NASDAQ (ZDA)
AVAV,NASDAQ (ZDA)
AVB,NASDAQ (ZDA)
AVBH,NASDAQ (ZDA)
AVD,NASDAQ (ZDA)
AVGO,NASDAQ (ZDA)
AVIR,NASDAQ (ZDA)
AVK,NASDAQ (ZDA)
AVNS,NASDAQ (ZDA)
AVNT,NASDAQ (ZDA)
AVNW,NASDAQ (ZDA)
AVO,NASDAQ (ZDA)
AVPT,NASDAQ (ZDA)
AVT,NASDAQ (ZDA)
AVTR,NASDAQ (ZDA)
AVTX,NASDAQ (ZDA)
AVXL,NASDAQ (ZDA)
AVY,NASDAQ (ZDA)
AWF,NASDAQ (ZDA)
AWI,NASDAQ (ZDA)
AWK,NASDAQ (ZDA)
AWP,NASDAQ (ZDA)
AWR,NASDAQ (ZDA)
AWX,NASDAQ (ZDA)
AX,NASDAQ (ZDA)
AXGN,NASDAQ (ZDA)
AXIA,NASDAQ (ZDA)
AXON,NASDAQ (ZDA)
AXP,NASDAQ (ZDA)
AXR,NASDAQ (ZDA)
AXS,NASDAQ (ZDA)
AXSM,NASDAQ (ZDA)
AXTA,NASDAQ (ZDA)
AXTI,NASDAQ (ZDA)
AYA,NASDAQ (ZDA)
AYI,NASDAQ (ZDA)
AYTU,NASDAQ (ZDA)
AZ,NASDAQ (ZDA)
AZN,NASDAQ (ZDA)
AZO,NASDAQ (ZDA)
AZTA,NASDAQ (ZDA)
AZZ,NASDAQ (ZDA)
B,NASDAQ (ZDA)
BA,NASDAQ (ZDA)
BABA,NASDAQ (ZDA)
BAC,NASDAQ (ZDA)
BAER,NASDAQ (ZDA)
BAFN,NASDAQ (ZDA)
BAH,NASDAQ (ZDA)
BAK,NASDAQ (ZDA)
BALL,NASDAQ (ZDA)
BANC,NASDAQ (ZDA)
BAND,NASDAQ (ZDA)
BANF,NASDAQ (ZDA)
BANFP,NASDAQ (ZDA)
BANR,NASDAQ (ZDA)
BANX,NASDAQ (ZDA)
BAOS,NASDAQ (ZDA)
BAP,NASDAQ (ZDA)
BARK,NASDAQ (ZDA)
BATRA,NASDAQ (ZDA)
BATRK,NASDAQ (ZDA)
BAX,NASDAQ (ZDA)
BB,NASDAQ (ZDA)
BBAI,NASDAQ (ZDA)
BBAR,NASDAQ (ZDA)
BBBY,NASDAQ (ZDA)
BBCP,NASDAQ (ZDA)
BBD,NASDAQ (ZDA)
BBDC,NASDAQ (ZDA)
BBDO,NASDAQ (ZDA)
BBGI,NASDAQ (ZDA)
BBIO,NASDAQ (ZDA)
BBLGW,NASDAQ (ZDA)
BBN,NASDAQ (ZDA)
BBSI,NASDAQ (ZDA)
BBT,NASDAQ (ZDA)
BBUC,NASDAQ (ZDA)
BBVA,NASDAQ (ZDA)
BBW,NASDAQ (ZDA)
BBWI,NASDAQ (ZDA)
BBY,NASDAQ (ZDA)
BC,NASDAQ (ZDA)
BCAB,NASDAQ (ZDA)
BCAL,NASDAQ (ZDA)
BCAT,NASDAQ (ZDA)
BCBP,NASDAQ (ZDA)
BCC,NASDAQ (ZDA)
BCE,NASDAQ (ZDA)
BCH,NASDAQ (ZDA)
BCIC,NASDAQ (ZDA)
BCML,NASDAQ (ZDA)
BCO,NASDAQ (ZDA)
BCPC,NASDAQ (ZDA)
BCRX,NASDAQ (ZDA)
BCS,NASDAQ (ZDA)
BCSF,NASDAQ (ZDA)
BCTX,NASDAQ (ZDA)
BCV,NASDAQ (ZDA)
BCX,NASDAQ (ZDA)
BCYC,NASDAQ (ZDA)
BDC,NASDAQ (ZDA)
BDJ,NASDAQ (ZDA)
BDL,NASDAQ (ZDA)
BDN,NASDAQ (ZDA)
BDRX,NASDAQ (ZDA)
BDSX,NASDAQ (ZDA)
BDTX,NASDAQ (ZDA)
BDX,NASDAQ (ZDA)
BE,NASDAQ (ZDA)
BEAM,NASDAQ (ZDA)
BEKE,NASDAQ (ZDA)
BELFA,NASDAQ (ZDA)
BELFB,NASDAQ (ZDA)
BEN,NASDAQ (ZDA)
BENF,NASDAQ (ZDA)
BEP,NASDAQ (ZDA)
BEPC,NASDAQ (ZDA)
BEPH,NASDAQ (ZDA)
BEPI,NASDAQ (ZDA)
BESS,NASDAQ (ZDA)
BETR,NASDAQ (ZDA)
BF-A,NASDAQ (ZDA)
BF-B,NASDAQ (ZDA)
BFAM,NASDAQ (ZDA)
BFC,NASDAQ (ZDA)
BFH,NASDAQ (ZDA)
BFLY,NASDAQ (ZDA)
BFS,NASDAQ (ZDA)
BFST,NASDAQ (ZDA)
BG,NASDAQ (ZDA)
BGB,NASDAQ (ZDA)
BGC,NASDAQ (ZDA)
BGDE,NASDAQ (ZDA)
BGH,NASDAQ (ZDA)
BGLC,NASDAQ (ZDA)
BGR,NASDAQ (ZDA)
BGS,NASDAQ (ZDA)
BGSF,NASDAQ (ZDA)
BGT,NASDAQ (ZDA)
BGX,NASDAQ (ZDA)
BGY,NASDAQ (ZDA)
BH,NASDAQ (ZDA)
BHB,NASDAQ (ZDA)
BHC,NASDAQ (ZDA)
BHE,NASDAQ (ZDA)
BHF,NASDAQ (ZDA)
BHFAL,NASDAQ (ZDA)
BHFAM,NASDAQ (ZDA)
BHFAN,NASDAQ (ZDA)
BHFAO,NASDAQ (ZDA)
BHFAP,NASDAQ (ZDA)
BHK,NASDAQ (ZDA)
BHP,NASDAQ (ZDA)
BHR,NASDAQ (ZDA)
BHRB,NASDAQ (ZDA)
BHST,NASDAQ (ZDA)
BHV,NASDAQ (ZDA)
BIDU,NASDAQ (ZDA)
BIIB,NASDAQ (ZDA)
BILI,NASDAQ (ZDA)
BILL,NASDAQ (ZDA)
BIO,NASDAQ (ZDA)
BIO-B,NASDAQ (ZDA)
BIP,NASDAQ (ZDA)
BIPC,NASDAQ (ZDA)
BIPH,NASDAQ (ZDA)
BIPI,NASDAQ (ZDA)
BIRD,NASDAQ (ZDA)
BIT,NASDAQ (ZDA)
BJ,NASDAQ (ZDA)
BJDX,NASDAQ (ZDA)
BJRI,NASDAQ (ZDA)
BKD,NASDAQ (ZDA)
BKE,NASDAQ (ZDA)
BKH,NASDAQ (ZDA)
BKKT,NASDAQ (ZDA)
BKNG,NASDAQ (ZDA)
BKR,NASDAQ (ZDA)
BKSY,NASDAQ (ZDA)
BKT,NASDAQ (ZDA)
BKTI,NASDAQ (ZDA)
BKU,NASDAQ (ZDA)
BL,NASDAQ (ZDA)
BLBD,NASDAQ (ZDA)
BLCO,NASDAQ (ZDA)
BLD,NASDAQ (ZDA)
BLDP,NASDAQ (ZDA)
BLDR,NASDAQ (ZDA)
BLFS,NASDAQ (ZDA)
BLK,NASDAQ (ZDA)
BLKB,NASDAQ (ZDA)
BLMN,NASDAQ (ZDA)
BLRX,NASDAQ (ZDA)
BLTE,NASDAQ (ZDA)
BLW,NASDAQ (ZDA)
BLX,NASDAQ (ZDA)
BLZE,NASDAQ (ZDA)
BMA,NASDAQ (ZDA)
BMBL,NASDAQ (ZDA)
BME,NASDAQ (ZDA)
BMEZ,NASDAQ (ZDA)
BMI,NASDAQ (ZDA)
BMO,NASDAQ (ZDA)
BMRA,NASDAQ (ZDA)
BMRC,NASDAQ (ZDA)
BMRN,NASDAQ (ZDA)
BMY,NASDAQ (ZDA)
BN,NASDAQ (ZDA)
BNAI,NASDAQ (ZDA)
BNC,NASDAQ (ZDA)
BNED,NASDAQ (ZDA)
BNH,NASDAQ (ZDA)
BNJ,NASDAQ (ZDA)
BNL,NASDAQ (ZDA)
BNR,NASDAQ (ZDA)
BNS,NASDAQ (ZDA)
BNT,NASDAQ (ZDA)
BNTC,NASDAQ (ZDA)
BNTX,NASDAQ (ZDA)
BNY,NASDAQ (ZDA)
BNZI,NASDAQ (ZDA)
BOC,NASDAQ (ZDA)
BODI,NASDAQ (ZDA)
BOE,NASDAQ (ZDA)
BOH,NASDAQ (ZDA)
BOKF,NASDAQ (ZDA)
BOLT,NASDAQ (ZDA)
BOOM,NASDAQ (ZDA)
BOOT,NASDAQ (ZDA)
BORR,NASDAQ (ZDA)
BOSC,NASDAQ (ZDA)
BOTJ,NASDAQ (ZDA)
BOX,NASDAQ (ZDA)
BP,NASDAQ (ZDA)
BPOP,NASDAQ (ZDA)
BPOPM,NASDAQ (ZDA)
BPRN,NASDAQ (ZDA)
BPYPM,NASDAQ (ZDA)
BPYPN,NASDAQ (ZDA)
BPYPO,NASDAQ (ZDA)
BPYPP,NASDAQ (ZDA)
BR,NASDAQ (ZDA)
BRBR,NASDAQ (ZDA)
BRBS,NASDAQ (ZDA)
BRC,NASDAQ (ZDA)
BRFH,NASDAQ (ZDA)
BRID,NASDAQ (ZDA)
BRK-A,NASDAQ (ZDA)
BRK-B,NASDAQ (ZDA)
BRKR,NASDAQ (ZDA)
BRO,NASDAQ (ZDA)
BROS,NASDAQ (ZDA)
BRSL,NASDAQ (ZDA)
BRSP,NASDAQ (ZDA)
BRT,NASDAQ (ZDA)
BRW,NASDAQ (ZDA)
BRX,NASDAQ (ZDA)
BRZE,NASDAQ (ZDA)
BSAC,NASDAQ (ZDA)
BSBK,NASDAQ (ZDA)
BSBR,NASDAQ (ZDA)
BSET,NASDAQ (ZDA)
BSL,NASDAQ (ZDA)
BSM,NASDAQ (ZDA)
BSRR,NASDAQ (ZDA)
BST,NASDAQ (ZDA)
BSTZ,NASDAQ (ZDA)
BSVN,NASDAQ (ZDA)
BSX,NASDAQ (ZDA)
BSY,NASDAQ (ZDA)
BTBT,NASDAQ (ZDA)
BTDR,NASDAQ (ZDA)
BTE,NASDAQ (ZDA)
BTG,NASDAQ (ZDA)
BTI,NASDAQ (ZDA)
BTO,NASDAQ (ZDA)
BTT,NASDAQ (ZDA)
BTU,NASDAQ (ZDA)
BTX,NASDAQ (ZDA)
BTZ,NASDAQ (ZDA)
BUD,NASDAQ (ZDA)
BUI,NASDAQ (ZDA)
BUR,NASDAQ (ZDA)
BURL,NASDAQ (ZDA)
BUSE,NASDAQ (ZDA)
BV,NASDAQ (ZDA)
BVC,NASDAQ (ZDA)
BVFL,NASDAQ (ZDA)
BVN,NASDAQ (ZDA)
BVS,NASDAQ (ZDA)
BW,NASDAQ (ZDA)
BWA,NASDAQ (ZDA)
BWAY,NASDAQ (ZDA)
BWB,NASDAQ (ZDA)
BWBBP,NASDAQ (ZDA)
BWEN,NASDAQ (ZDA)
BWFG,NASDAQ (ZDA)
BWG,NASDAQ (ZDA)
BWIN,NASDAQ (ZDA)
BWLP,NASDAQ (ZDA)
BWMN,NASDAQ (ZDA)
BWMX,NASDAQ (ZDA)
BWNB,NASDAQ (ZDA)
BWXT,NASDAQ (ZDA)
BX,NASDAQ (ZDA)
BXC,NASDAQ (ZDA)
BXMT,NASDAQ (ZDA)
BXP,NASDAQ (ZDA)
BXSL,NASDAQ (ZDA)
BY,NASDAQ (ZDA)
BYD,NASDAQ (ZDA)
BYFC,NASDAQ (ZDA)
BYRN,NASDAQ (ZDA)
BZ,NASDAQ (ZDA)
BZH,NASDAQ (ZDA)
BZUN,NASDAQ (ZDA)
C,NASDAQ (ZDA)
CAAP,NASDAQ (ZDA)
CAAS,NASDAQ (ZDA)
CABA,NASDAQ (ZDA)
CABO,NASDAQ (ZDA)
CAC,NASDAQ (ZDA)
CACC,NASDAQ (ZDA)
CACI,NASDAQ (ZDA)
CADL,NASDAQ (ZDA)
CAE,NASDAQ (ZDA)
CAF,NASDAQ (ZDA)
CAG,NASDAQ (ZDA)
CAH,NASDAQ (ZDA)
CAKE,NASDAQ (ZDA)
CAL,NASDAQ (ZDA)
CALM,NASDAQ (ZDA)
CALX,NASDAQ (ZDA)
CALY,NASDAQ (ZDA)
CAMT,NASDAQ (ZDA)
CANF,NASDAQ (ZDA)
CAPL,NASDAQ (ZDA)
CAPR,NASDAQ (ZDA)
CAR,NASDAQ (ZDA)
CARE,NASDAQ (ZDA)
CARG,NASDAQ (ZDA)
CARR,NASDAQ (ZDA)
CARS,NASDAQ (ZDA)
CASH,NASDAQ (ZDA)
CASS,NASDAQ (ZDA)
CASY,NASDAQ (ZDA)
CAT,NASDAQ (ZDA)
CATO,NASDAQ (ZDA)
CATX,NASDAQ (ZDA)
CATY,NASDAQ (ZDA)
CB,NASDAQ (ZDA)
CBAN,NASDAQ (ZDA)
CBFV,NASDAQ (ZDA)
CBIO,NASDAQ (ZDA)
CBL,NASDAQ (ZDA)
CBNK,NASDAQ (ZDA)
CBOE,NASDAQ (ZDA)
CBRE,NASDAQ (ZDA)
CBRL,NASDAQ (ZDA)
CBSH,NASDAQ (ZDA)
CBT,NASDAQ (ZDA)
CBU,NASDAQ (ZDA)
CBZ,NASDAQ (ZDA)
CC,NASDAQ (ZDA)
CCAP,NASDAQ (ZDA)
CCB,NASDAQ (ZDA)
CCBG,NASDAQ (ZDA)
CCC,NASDAQ (ZDA)
CCCC,NASDAQ (ZDA)
CCD,NASDAQ (ZDA)
CCEC,NASDAQ (ZDA)
CCEL,NASDAQ (ZDA)
CCEP,NASDAQ (ZDA)
CCI,NASDAQ (ZDA)
CCIF,NASDAQ (ZDA)
CCJ,NASDAQ (ZDA)
CCK,NASDAQ (ZDA)
CCL,NASDAQ (ZDA)
CCLD,NASDAQ (ZDA)
CCM,NASDAQ (ZDA)
CCNE,NASDAQ (ZDA)
CCNEP,NASDAQ (ZDA)
CCO,NASDAQ (ZDA)
CCOI,NASDAQ (ZDA)
CCRN,NASDAQ (ZDA)
CCS,NASDAQ (ZDA)
CCSI,NASDAQ (ZDA)
CCU,NASDAQ (ZDA)
CCZ,NASDAQ (ZDA)
CD,NASDAQ (ZDA)
CDE,NASDAQ (ZDA)
CDNA,NASDAQ (ZDA)
CDNS,NASDAQ (ZDA)
CDP,NASDAQ (ZDA)
CDRE,NASDAQ (ZDA)
CDRO,NASDAQ (ZDA)
CDW,NASDAQ (ZDA)
CDXS,NASDAQ (ZDA)
CDZI,NASDAQ (ZDA)
CDZIP,NASDAQ (ZDA)
CE,NASDAQ (ZDA)
CECO,NASDAQ (ZDA)
CEE,NASDAQ (ZDA)
CEG,NASDAQ (ZDA)
CELC,NASDAQ (ZDA)
CELH,NASDAQ (ZDA)
CELZ,NASDAQ (ZDA)
CENN,NASDAQ (ZDA)
CENT,NASDAQ (ZDA)
CENTA,NASDAQ (ZDA)
CENX,NASDAQ (ZDA)
CEPU,NASDAQ (ZDA)
CERS,NASDAQ (ZDA)
CERT,NASDAQ (ZDA)
CET,NASDAQ (ZDA)
CEV,NASDAQ (ZDA)
CEVA,NASDAQ (ZDA)
CF,NASDAQ (ZDA)
CFBK,NASDAQ (ZDA)
CFFI,NASDAQ (ZDA)
CFFN,NASDAQ (ZDA)
CFG,NASDAQ (ZDA)
CFR,NASDAQ (ZDA)
CG,NASDAQ (ZDA)
CGABL,NASDAQ (ZDA)
CGAU,NASDAQ (ZDA)
CGBD,NASDAQ (ZDA)
CGEM,NASDAQ (ZDA)
CGEN,NASDAQ (ZDA)
CGNT,NASDAQ (ZDA)
CGNX,NASDAQ (ZDA)
CGO,NASDAQ (ZDA)
CHCI,NASDAQ (ZDA)
CHCO,NASDAQ (ZDA)
CHCT,NASDAQ (ZDA)
CHD,NASDAQ (ZDA)
CHDN,NASDAQ (ZDA)
CHE,NASDAQ (ZDA)
CHEF,NASDAQ (ZDA)
CHH,NASDAQ (ZDA)
CHI,NASDAQ (ZDA)
CHKP,NASDAQ (ZDA)
CHMG,NASDAQ (ZDA)
CHMI,NASDAQ (ZDA)
CHNR,NASDAQ (ZDA)
CHPT,NASDAQ (ZDA)
CHR,NASDAQ (ZDA)
CHRD,NASDAQ (ZDA)
CHRN,NASDAQ (ZDA)
CHRW,NASDAQ (ZDA)
CHSCL,NASDAQ (ZDA)
CHSCM,NASDAQ (ZDA)
CHSCN,NASDAQ (ZDA)
CHSCO,NASDAQ (ZDA)
CHSCP,NASDAQ (ZDA)
CHT,NASDAQ (ZDA)
CHTR,NASDAQ (ZDA)
CHW,NASDAQ (ZDA)
CHWY,NASDAQ (ZDA)
CHY,NASDAQ (ZDA)
CI,NASDAQ (ZDA)
CIA,NASDAQ (ZDA)
CIB,NASDAQ (ZDA)
CIEN,NASDAQ (ZDA)
CIFR,NASDAQ (ZDA)
CIG,NASDAQ (ZDA)
CIGI,NASDAQ (ZDA)
CII,NASDAQ (ZDA)
CIK,NASDAQ (ZDA)
CIM,NASDAQ (ZDA)
CINF,NASDAQ (ZDA)
CING,NASDAQ (ZDA)
CINT,NASDAQ (ZDA)
CION,NASDAQ (ZDA)
CIVB,NASDAQ (ZDA)
CIX,NASDAQ (ZDA)
CKX,NASDAQ (ZDA)
CL,NASDAQ (ZDA)
CLAR,NASDAQ (ZDA)
CLB,NASDAQ (ZDA)
CLBK,NASDAQ (ZDA)
CLBT,NASDAQ (ZDA)
CLDT,NASDAQ (ZDA)
CLDX,NASDAQ (ZDA)
CLF,NASDAQ (ZDA)
CLFD,NASDAQ (ZDA)
CLH,NASDAQ (ZDA)
CLIR,NASDAQ (ZDA)
CLLS,NASDAQ (ZDA)
CLM,NASDAQ (ZDA)
CLMB,NASDAQ (ZDA)
CLMT,NASDAQ (ZDA)
CLNE,NASDAQ (ZDA)
CLNN,NASDAQ (ZDA)
CLOV,NASDAQ (ZDA)
CLPR,NASDAQ (ZDA)
CLPT,NASDAQ (ZDA)
CLRB,NASDAQ (ZDA)
CLRO,NASDAQ (ZDA)
CLS,NASDAQ (ZDA)
CLSK,NASDAQ (ZDA)
CLST,NASDAQ (ZDA)
CLVT,NASDAQ (ZDA)
CLW,NASDAQ (ZDA)
CLX,NASDAQ (ZDA)
CLYM,NASDAQ (ZDA)
CM,NASDAQ (ZDA)
CMBT,NASDAQ (ZDA)
CMC,NASDAQ (ZDA)
CMCL,NASDAQ (ZDA)
CMCM,NASDAQ (ZDA)
CMCO,NASDAQ (ZDA)
CMCSA,NASDAQ (ZDA)
CMCT,NASDAQ (ZDA)
CME,NASDAQ (ZDA)
CMG,NASDAQ (ZDA)
CMI,NASDAQ (ZDA)
CMMB,NASDAQ (ZDA)
CMP,NASDAQ (ZDA)
CMPR,NASDAQ (ZDA)
CMPS,NASDAQ (ZDA)
CMPX,NASDAQ (ZDA)
CMRC,NASDAQ (ZDA)
CMRE,NASDAQ (ZDA)
CMS,NASDAQ (ZDA)
CMSA,NASDAQ (ZDA)
CMSC,NASDAQ (ZDA)
CMSD,NASDAQ (ZDA)
CMT,NASDAQ (ZDA)
CMTG,NASDAQ (ZDA)
CMTL,NASDAQ (ZDA)
CMTV,NASDAQ (ZDA)
CMU,NASDAQ (ZDA)
CNA,NASDAQ (ZDA)
CNC,NASDAQ (ZDA)
CNF,NASDAQ (ZDA)
CNH,NASDAQ (ZDA)
CNI,NASDAQ (ZDA)
CNK,NASDAQ (ZDA)
CNL,NASDAQ (ZDA)
CNM,NASDAQ (ZDA)
CNMD,NASDAQ (ZDA)
CNNE,NASDAQ (ZDA)
CNO,NASDAQ (ZDA)
CNOB,NASDAQ (ZDA)
CNOBP,NASDAQ (ZDA)
CNP,NASDAQ (ZDA)
CNQ,NASDAQ (ZDA)
CNR,NASDAQ (ZDA)
CNS,NASDAQ (ZDA)
CNSP,NASDAQ (ZDA)
CNTA,NASDAQ (ZDA)
CNTB,NASDAQ (ZDA)
CNTN,NASDAQ (ZDA)
CNTX,NASDAQ (ZDA)
CNVS,NASDAQ (ZDA)
CNX,NASDAQ (ZDA)
CNXC,NASDAQ (ZDA)
CNXN,NASDAQ (ZDA)
COCO,NASDAQ (ZDA)
CODA,NASDAQ (ZDA)
CODI,NASDAQ (ZDA)
CODX,NASDAQ (ZDA)
COE,NASDAQ (ZDA)
COF,NASDAQ (ZDA)
COFS,NASDAQ (ZDA)
COGT,NASDAQ (ZDA)
COHN,NASDAQ (ZDA)
COHR,NASDAQ (ZDA)
COHU,NASDAQ (ZDA)
COIN,NASDAQ (ZDA)
COKE,NASDAQ (ZDA)
COLB,NASDAQ (ZDA)
COLD,NASDAQ (ZDA)
COLL,NASDAQ (ZDA)
COLM,NASDAQ (ZDA)
COMP,NASDAQ (ZDA)
COO,NASDAQ (ZDA)
COOK,NASDAQ (ZDA)
COP,NASDAQ (ZDA)
COR,NASDAQ (ZDA)
CORT,NASDAQ (ZDA)
COST,NASDAQ (ZDA)
COTY,NASDAQ (ZDA)
COUR,NASDAQ (ZDA)
CP,NASDAQ (ZDA)
CPA,NASDAQ (ZDA)
CPAC,NASDAQ (ZDA)
CPAY,NASDAQ (ZDA)
CPB,NASDAQ (ZDA)
CPF,NASDAQ (ZDA)
CPHC,NASDAQ (ZDA)
CPIX,NASDAQ (ZDA)
CPK,NASDAQ (ZDA)
CPNG,NASDAQ (ZDA)
CPRI,NASDAQ (ZDA)
CPRT,NASDAQ (ZDA)
CPRX,NASDAQ (ZDA)
CPS,NASDAQ (ZDA)
CPSH,NASDAQ (ZDA)
CPSS,NASDAQ (ZDA)
CPT,NASDAQ (ZDA)
CPZ,NASDAQ (ZDA)
CQP,NASDAQ (ZDA)
CRAI,NASDAQ (ZDA)
CRBP,NASDAQ (ZDA)
CRBU,NASDAQ (ZDA)
CRC,NASDAQ (ZDA)
CRCT,NASDAQ (ZDA)
CRD-A,NASDAQ (ZDA)
CRD-B,NASDAQ (ZDA)
CRDO,NASDAQ (ZDA)
CRESY,NASDAQ (ZDA)
CREX,NASDAQ (ZDA)
CRF,NASDAQ (ZDA)
CRGO,NASDAQ (ZDA)
CRGY,NASDAQ (ZDA)
CRH,NASDAQ (ZDA)
CRI,NASDAQ (ZDA)
CRK,NASDAQ (ZDA)
CRL,NASDAQ (ZDA)
CRM,NASDAQ (ZDA)
CRMD,NASDAQ (ZDA)
CRML,NASDAQ (ZDA)
CRMT,NASDAQ (ZDA)
CRNC,NASDAQ (ZDA)
CRNT,NASDAQ (ZDA)
CRNX,NASDAQ (ZDA)
CRON,NASDAQ (ZDA)
CROX,NASDAQ (ZDA)
CRS,NASDAQ (ZDA)
CRSP,NASDAQ (ZDA)
CRSR,NASDAQ (ZDA)
CRT,NASDAQ (ZDA)
CRTO,NASDAQ (ZDA)
CRUS,NASDAQ (ZDA)
CRVL,NASDAQ (ZDA)
CRVO,NASDAQ (ZDA)
CRVS,NASDAQ (ZDA)
CRWD,NASDAQ (ZDA)
CRWS,NASDAQ (ZDA)
CSAN,NASDAQ (ZDA)
CSBR,NASDAQ (ZDA)
CSCO,NASDAQ (ZDA)
CSGP,NASDAQ (ZDA)
CSIQ,NASDAQ (ZDA)
CSL,NASDAQ (ZDA)
CSPI,NASDAQ (ZDA)
CSQ,NASDAQ (ZDA)
CSR,NASDAQ (ZDA)
CSTL,NASDAQ (ZDA)
CSTM,NASDAQ (ZDA)
CSV,NASDAQ (ZDA)
CSW,NASDAQ (ZDA)
CSWC,NASDAQ (ZDA)
CSX,NASDAQ (ZDA)
CTAS,NASDAQ (ZDA)
CTBI,NASDAQ (ZDA)
CTEV,NASDAQ (ZDA)
CTGO,NASDAQ (ZDA)
CTKB,NASDAQ (ZDA)
CTMX,NASDAQ (ZDA)
CTO,NASDAQ (ZDA)
CTOS,NASDAQ (ZDA)
CTRE,NASDAQ (ZDA)
CTRN,NASDAQ (ZDA)
CTS,NASDAQ (ZDA)
CTSH,NASDAQ (ZDA)
CTVA,NASDAQ (ZDA)
CUBB,NASDAQ (ZDA)
CUBE,NASDAQ (ZDA)
CUBI,NASDAQ (ZDA)
CUE,NASDAQ (ZDA)
CULP,NASDAQ (ZDA)
CURI,NASDAQ (ZDA)
CUZ,NASDAQ (ZDA)
CVBF,NASDAQ (ZDA)
CVCO,NASDAQ (ZDA)
CVE,NASDAQ (ZDA)
CVEO,NASDAQ (ZDA)
CVGI,NASDAQ (ZDA)
CVI,NASDAQ (ZDA)
CVLG,NASDAQ (ZDA)
CVLT,NASDAQ (ZDA)
CVNA,NASDAQ (ZDA)
CVR,NASDAQ (ZDA)
CVRX,NASDAQ (ZDA)
CVS,NASDAQ (ZDA)
CVSA,NASDAQ (ZDA)
CVU,NASDAQ (ZDA)
CVV,NASDAQ (ZDA)
CVX,NASDAQ (ZDA)
CW,NASDAQ (ZDA)
CWAN,NASDAQ (ZDA)
CWBC,NASDAQ (ZDA)
CWCO,NASDAQ (ZDA)
CWEN,NASDAQ (ZDA)
CWH,NASDAQ (ZDA)
CWK,NASDAQ (ZDA)
CWST,NASDAQ (ZDA)
CWT,NASDAQ (ZDA)
CX,NASDAQ (ZDA)
CXDO,NASDAQ (ZDA)
CXE,NASDAQ (ZDA)
CXH,NASDAQ (ZDA)
CXM,NASDAQ (ZDA)
CXT,NASDAQ (ZDA)
CXW,NASDAQ (ZDA)
CYCN,NASDAQ (ZDA)
CYD,NASDAQ (ZDA)
CYH,NASDAQ (ZDA)
CYRX,NASDAQ (ZDA)
CYTK,NASDAQ (ZDA)
CZFS,NASDAQ (ZDA)
CZNC,NASDAQ (ZDA)
CZR,NASDAQ (ZDA)
CZWI,NASDAQ (ZDA)
D,NASDAQ (ZDA)
DAC,NASDAQ (ZDA)
DAIO,NASDAQ (ZDA)
DAKT,NASDAQ (ZDA)
DAL,NASDAQ (ZDA)
DAN,NASDAQ (ZDA)
DAO,NASDAQ (ZDA)
DAR,NASDAQ (ZDA)
DARE,NASDAQ (ZDA)
DASH,NASDAQ (ZDA)
DAVA,NASDAQ (ZDA)
DAVE,NASDAQ (ZDA)
DB,NASDAQ (ZDA)
DBI,NASDAQ (ZDA)
DBL,NASDAQ (ZDA)
DBRG,NASDAQ (ZDA)
DBVT,NASDAQ (ZDA)
DBX,NASDAQ (ZDA)
DC,NASDAQ (ZDA)
DCBO,NASDAQ (ZDA)
DCH,NASDAQ (ZDA)
DCI,NASDAQ (ZDA)
DCO,NASDAQ (ZDA)
DCOM,NASDAQ (ZDA)
DCOY,NASDAQ (ZDA)
DCTH,NASDAQ (ZDA)
DCX,NASDAQ (ZDA)
DD,NASDAQ (ZDA)
DDD,NASDAQ (ZDA)
DDI,NASDAQ (ZDA)
DDL,NASDAQ (ZDA)
DDOG,NASDAQ (ZDA)
DDS,NASDAQ (ZDA)
DDT,NASDAQ (ZDA)
DE,NASDAQ (ZDA)
DEA,NASDAQ (ZDA)
DEC,NASDAQ (ZDA)
DECK,NASDAQ (ZDA)
DEI,NASDAQ (ZDA)
DELL,NASDAQ (ZDA)
DEO,NASDAQ (ZDA)
DERM,NASDAQ (ZDA)
DFH,NASDAQ (ZDA)
DFIN,NASDAQ (ZDA)
DFLI,NASDAQ (ZDA)
DFP,NASDAQ (ZDA)
DFSC,NASDAQ (ZDA)
DFTX,NASDAQ (ZDA)
DG,NASDAQ (ZDA)
DGICA,NASDAQ (ZDA)
DGICB,NASDAQ (ZDA)
DGII,NASDAQ (ZDA)
DGX,NASDAQ (ZDA)
DGXX,NASDAQ (ZDA)
DHC,NASDAQ (ZDA)
DHCNI,NASDAQ (ZDA)
DHF,NASDAQ (ZDA)
DHI,NASDAQ (ZDA)
DHR,NASDAQ (ZDA)
DHT,NASDAQ (ZDA)
DHX,NASDAQ (ZDA)
DIBS,NASDAQ (ZDA)
DIN,NASDAQ (ZDA)
DINO,NASDAQ (ZDA)
DIOD,NASDAQ (ZDA)
DIS,NASDAQ (ZDA)
DIT,NASDAQ (ZDA)
DJCO,NASDAQ (ZDA)
DJT,NASDAQ (ZDA)
DK,NASDAQ (ZDA)
DKL,NASDAQ (ZDA)
DKNG,NASDAQ (ZDA)
DKS,NASDAQ (ZDA)
DLB,NASDAQ (ZDA)
DLHC,NASDAQ (ZDA)
DLNG,NASDAQ (ZDA)
DLO,NASDAQ (ZDA)
DLR,NASDAQ (ZDA)
DLTH,NASDAQ (ZDA)
DLTR,NASDAQ (ZDA)
DLX,NASDAQ (ZDA)
DLY,NASDAQ (ZDA)
DMA,NASDAQ (ZDA)
DMAC,NASDAQ (ZDA)
DMB,NASDAQ (ZDA)
DMLP,NASDAQ (ZDA)
DMO,NASDAQ (ZDA)
DMRA,NASDAQ (ZDA)
DMRC,NASDAQ (ZDA)
DNA,NASDAQ (ZDA)
DNLI,NASDAQ (ZDA)
DNN,NASDAQ (ZDA)
DNOW,NASDAQ (ZDA)
DNP,NASDAQ (ZDA)
DNTH,NASDAQ (ZDA)
DNUT,NASDAQ (ZDA)
DOC,NASDAQ (ZDA)
DOCN,NASDAQ (ZDA)
DOCS,NASDAQ (ZDA)
DOCU,NASDAQ (ZDA)
DOLE,NASDAQ (ZDA)
DOMH,NASDAQ (ZDA)
DOMO,NASDAQ (ZDA)
DOO,NASDAQ (ZDA)
DORM,NASDAQ (ZDA)
DOV,NASDAQ (ZDA)
DOW,NASDAQ (ZDA)
DOX,NASDAQ (ZDA)
DOYU,NASDAQ (ZDA)
DPG,NASDAQ (ZDA)
DPRO,NASDAQ (ZDA)
DPZ,NASDAQ (ZDA)
DQ,NASDAQ (ZDA)
DRCT,NASDAQ (ZDA)
DRD,NASDAQ (ZDA)
DRH,NASDAQ (ZDA)
DRI,NASDAQ (ZDA)
DRIO,NASDAQ (ZDA)
DRS,NASDAQ (ZDA)
DRTS,NASDAQ (ZDA)
DRUG,NASDAQ (ZDA)
DRVN,NASDAQ (ZDA)
DSGN,NASDAQ (ZDA)
DSGR,NASDAQ (ZDA)
DSGX,NASDAQ (ZDA)
DSL,NASDAQ (ZDA)
DSM,NASDAQ (ZDA)
DSP,NASDAQ (ZDA)
DSU,NASDAQ (ZDA)
DSWL,NASDAQ (ZDA)
DSX,NASDAQ (ZDA)
DT,NASDAQ (ZDA)
DTB,NASDAQ (ZDA)
DTCX,NASDAQ (ZDA)
DTE,NASDAQ (ZDA)
DTF,NASDAQ (ZDA)
DTG,NASDAQ (ZDA)
DTI,NASDAQ (ZDA)
DTIL,NASDAQ (ZDA)
DTM,NASDAQ (ZDA)
DTST,NASDAQ (ZDA)
DTW,NASDAQ (ZDA)
DUK,NASDAQ (ZDA)
DUKB,NASDAQ (ZDA)
DUKR,NASDAQ (ZDA)
DUOL,NASDAQ (ZDA)
DUOT,NASDAQ (ZDA)
DV,NASDAQ (ZDA)
DVA,NASDAQ (ZDA)
DVN,NASDAQ (ZDA)
DWSN,NASDAQ (ZDA)
DX,NASDAQ (ZDA)
DXC,NASDAQ (ZDA)
DXCM,NASDAQ (ZDA)
DXPE,NASDAQ (ZDA)
DXR,NASDAQ (ZDA)
DY,NASDAQ (ZDA)
DYN,NASDAQ (ZDA)
E,NASDAQ (ZDA)
EA,NASDAQ (ZDA)
EAD,NASDAQ (ZDA)
EAF,NASDAQ (ZDA)
EARN,NASDAQ (ZDA)
EAT,NASDAQ (ZDA)
EBAY,NASDAQ (ZDA)
EBC,NASDAQ (ZDA)
EBF,NASDAQ (ZDA)
EBMT,NASDAQ (ZDA)
EBON,NASDAQ (ZDA)
EBS,NASDAQ (ZDA)
EC,NASDAQ (ZDA)
ECAT,NASDAQ (ZDA)
ECC,NASDAQ (ZDA)
ECCC,NASDAQ (ZDA)
ECCV,NASDAQ (ZDA)
ECF,NASDAQ (ZDA)
ECL,NASDAQ (ZDA)
ECOR,NASDAQ (ZDA)
ECPG,NASDAQ (ZDA)
ECVT,NASDAQ (ZDA)
ED,NASDAQ (ZDA)
EDD,NASDAQ (ZDA)
EDF,NASDAQ (ZDA)
EDIT,NASDAQ (ZDA)
EDN,NASDAQ (ZDA)
EDRY,NASDAQ (ZDA)
EDSA,NASDAQ (ZDA)
EDU,NASDAQ (ZDA)
EE,NASDAQ (ZDA)
EEA,NASDAQ (ZDA)
EEFT,NASDAQ (ZDA)
EEIQ,NASDAQ (ZDA)
EEX,NASDAQ (ZDA)
EFC,NASDAQ (ZDA)
EFOI,NASDAQ (ZDA)
EFOR,NASDAQ (ZDA)
EFR,NASDAQ (ZDA)
EFSC,NASDAQ (ZDA)
EFSCP,NASDAQ (ZDA)
EFSI,NASDAQ (ZDA)
EFT,NASDAQ (ZDA)
EFX,NASDAQ (ZDA)
EFXT,NASDAQ (ZDA)
EG,NASDAQ (ZDA)
EGAN,NASDAQ (ZDA)
EGBN,NASDAQ (ZDA)
EGO,NASDAQ (ZDA)
EGP,NASDAQ (ZDA)
EGY,NASDAQ (ZDA)
EH,NASDAQ (ZDA)
EHC,NASDAQ (ZDA)
EHI,NASDAQ (ZDA)
EIC,NASDAQ (ZDA)
EICA,NASDAQ (ZDA)
EIG,NASDAQ (ZDA)
EIM,NASDAQ (ZDA)
EIX,NASDAQ (ZDA)
EL,NASDAQ (ZDA)
ELA,NASDAQ (ZDA)
ELAN,NASDAQ (ZDA)
ELC,NASDAQ (ZDA)
ELDN,NASDAQ (ZDA)
ELE,NASDAQ (ZDA)
ELF,NASDAQ (ZDA)
ELLO,NASDAQ (ZDA)
ELMD,NASDAQ (ZDA)
ELME,NASDAQ (ZDA)
ELS,NASDAQ (ZDA)
ELSE,NASDAQ (ZDA)
ELTK,NASDAQ (ZDA)
ELTX,NASDAQ (ZDA)
ELV,NASDAQ (ZDA)
ELVA,NASDAQ (ZDA)
ELVN,NASDAQ (ZDA)
EMA,NASDAQ (ZDA)
EMBC,NASDAQ (ZDA)
EMBJ,NASDAQ (ZDA)
EMD,NASDAQ (ZDA)
EME,NASDAQ (ZDA)
EMF,NASDAQ (ZDA)
EML,NASDAQ (ZDA)
EMN,NASDAQ (ZDA)
EMO,NASDAQ (ZDA)
EMPD,NASDAQ (ZDA)
EMR,NASDAQ (ZDA)
ENB,NASDAQ (ZDA)
ENIC,NASDAQ (ZDA)
ENJ,NASDAQ (ZDA)
ENO,NASDAQ (ZDA)
ENOV,NASDAQ (ZDA)
ENPH,NASDAQ (ZDA)
ENR,NASDAQ (ZDA)
ENS,NASDAQ (ZDA)
ENSG,NASDAQ (ZDA)
ENTA,NASDAQ (ZDA)
ENTG,NASDAQ (ZDA)
ENVA,NASDAQ (ZDA)
ENVB,NASDAQ (ZDA)
ENVX,NASDAQ (ZDA)
EOD,NASDAQ (ZDA)
EOG,NASDAQ (ZDA)
EOI,NASDAQ (ZDA)
EOLS,NASDAQ (ZDA)
EOS,NASDAQ (ZDA)
EOSE,NASDAQ (ZDA)
EOT,NASDAQ (ZDA)
EP,NASDAQ (ZDA)
EPAC,NASDAQ (ZDA)
EPAM,NASDAQ (ZDA)
EPC,NASDAQ (ZDA)
EPD,NASDAQ (ZDA)
EPM,NASDAQ (ZDA)
EPR,NASDAQ (ZDA)
EPRT,NASDAQ (ZDA)
EPSN,NASDAQ (ZDA)
EQ,NASDAQ (ZDA)
EQBK,NASDAQ (ZDA)
EQH,NASDAQ (ZDA)
EQIX,NASDAQ (ZDA)
EQNR,NASDAQ (ZDA)
EQR,NASDAQ (ZDA)
EQT,NASDAQ (ZDA)
EQX,NASDAQ (ZDA)
ERAS,NASDAQ (ZDA)
ERC,NASDAQ (ZDA)
ERH,NASDAQ (ZDA)
ERIC,NASDAQ (ZDA)
ERIE,NASDAQ (ZDA)
ERII,NASDAQ (ZDA)
ERNA,NASDAQ (ZDA)
ERO,NASDAQ (ZDA)
ES,NASDAQ (ZDA)
ESAB,NASDAQ (ZDA)
ESCA,NASDAQ (ZDA)
ESE,NASDAQ (ZDA)
ESEA,NASDAQ (ZDA)
ESI,NASDAQ (ZDA)
ESLT,NASDAQ (ZDA)
ESNT,NASDAQ (ZDA)
ESOA,NASDAQ (ZDA)
ESP,NASDAQ (ZDA)
ESPR,NASDAQ (ZDA)
ESQ,NASDAQ (ZDA)
ESRT,NASDAQ (ZDA)
ESS,NASDAQ (ZDA)
ESTA,NASDAQ (ZDA)
ESTC,NASDAQ (ZDA)
ET,NASDAQ (ZDA)
ETB,NASDAQ (ZDA)
ETD,NASDAQ (ZDA)
ETG,NASDAQ (ZDA)
ETJ,NASDAQ (ZDA)
ETN,NASDAQ (ZDA)
ETO,NASDAQ (ZDA)
ETON,NASDAQ (ZDA)
ETR,NASDAQ (ZDA)
ETSY,NASDAQ (ZDA)
ETV,NASDAQ (ZDA)
ETW,NASDAQ (ZDA)
ETX,NASDAQ (ZDA)
ETY,NASDAQ (ZDA)
EUDA,NASDAQ (ZDA)
EVAX,NASDAQ (ZDA)
EVC,NASDAQ (ZDA)
EVCM,NASDAQ (ZDA)
EVER,NASDAQ (ZDA)
EVEX,NASDAQ (ZDA)
EVF,NASDAQ (ZDA)
EVG,NASDAQ (ZDA)
EVGO,NASDAQ (ZDA)
EVH,NASDAQ (ZDA)
EVI,NASDAQ (ZDA)
EVLV,NASDAQ (ZDA)
EVN,NASDAQ (ZDA)
EVO,NASDAQ (ZDA)
EVR,NASDAQ (ZDA)
EVRG,NASDAQ (ZDA)
EVT,NASDAQ (ZDA)
EVTC,NASDAQ (ZDA)
EVTL,NASDAQ (ZDA)
EVV,NASDAQ (ZDA)
EW,NASDAQ (ZDA)
EWBC,NASDAQ (ZDA)
EWTX,NASDAQ (ZDA)
EXC,NASDAQ (ZDA)
EXE,NASDAQ (ZDA)
EXEL,NASDAQ (ZDA)
EXG,NASDAQ (ZDA)
EXK,NASDAQ (ZDA)
EXLS,NASDAQ (ZDA)
EXOD,NASDAQ (ZDA)
EXP,NASDAQ (ZDA)
HIVE,NASDAQ (ZDA)
HIW,NASDAQ (ZDA)
HIX,NASDAQ (ZDA)
HL,NASDAQ (ZDA)
HLF,NASDAQ (ZDA)
HLI,NASDAQ (ZDA)
HLIO,NASDAQ (ZDA)
HLIT,NASDAQ (ZDA)
HLLY,NASDAQ (ZDA)
HLMN,NASDAQ (ZDA)
HLNE,NASDAQ (ZDA)
HLT,NASDAQ (ZDA)
HLX,NASDAQ (ZDA)
HMC,NASDAQ (ZDA)
HMN,NASDAQ (ZDA)
HMY,NASDAQ (ZDA)
HNI,NASDAQ (ZDA)
HNNA,NASDAQ (ZDA)
HNNAZ,NASDAQ (ZDA)
HNRG,NASDAQ (ZDA)
HNST,NASDAQ (ZDA)
HNVR,NASDAQ (ZDA)
HOFT,NASDAQ (ZDA)
HOG,NASDAQ (ZDA)
HOLO,NASDAQ (ZDA)
HOMB,NASDAQ (ZDA)
HON,NASDAQ (ZDA)
HOOD,NASDAQ (ZDA)
HOPE,NASDAQ (ZDA)
HOUR,NASDAQ (ZDA)
HOV,NASDAQ (ZDA)
HOVNP,NASDAQ (ZDA)
HP,NASDAQ (ZDA)
HPE,NASDAQ (ZDA)
HPF,NASDAQ (ZDA)
HPI,NASDAQ (ZDA)
HPK,NASDAQ (ZDA)
HPP,NASDAQ (ZDA)
HPQ,NASDAQ (ZDA)
HPS,NASDAQ (ZDA)
HQH,NASDAQ (ZDA)
HQI,NASDAQ (ZDA)
HQL,NASDAQ (ZDA)
HQY,NASDAQ (ZDA)
HR,NASDAQ (ZDA)
HRB,NASDAQ (ZDA)
HRI,NASDAQ (ZDA)
HRL,NASDAQ (ZDA)
HRMY,NASDAQ (ZDA)
HROW,NASDAQ (ZDA)
HRTG,NASDAQ (ZDA)
HRZN,NASDAQ (ZDA)
HSBC,NASDAQ (ZDA)
HSIC,NASDAQ (ZDA)
HST,NASDAQ (ZDA)
HSTM,NASDAQ (ZDA)
HSY,NASDAQ (ZDA)
HTB,NASDAQ (ZDA)
HTCO,NASDAQ (ZDA)
HTCR,NASDAQ (ZDA)
HTD,NASDAQ (ZDA)
HTFC,NASDAQ (ZDA)
HTGC,NASDAQ (ZDA)
HTH,NASDAQ (ZDA)
HTHT,NASDAQ (ZDA)
HTLD,NASDAQ (ZDA)
HTO,NASDAQ (ZDA)
HTOO,NASDAQ (ZDA)
HTT,NASDAQ (ZDA)
HTZ,NASDAQ (ZDA)
HUBB,NASDAQ (ZDA)
HUBG,NASDAQ (ZDA)
HUBS,NASDAQ (ZDA)
HUM,NASDAQ (ZDA)
HUN,NASDAQ (ZDA)
HURA,NASDAQ (ZDA)
HURC,NASDAQ (ZDA)
HURN,NASDAQ (ZDA)
HUT,NASDAQ (ZDA)
HUYA,NASDAQ (ZDA)
HVT,NASDAQ (ZDA)
HVT-A,NASDAQ (ZDA)
HWBK,NASDAQ (ZDA)
HWC,NASDAQ (ZDA)
HWCPZ,NASDAQ (ZDA)
HWKN,NASDAQ (ZDA)
HWM,NASDAQ (ZDA)
HXL,NASDAQ (ZDA)
HY,NASDAQ (ZDA)
HYI,NASDAQ (ZDA)
HYLN,NASDAQ (ZDA)
HYMC,NASDAQ (ZDA)
HYPD,NASDAQ (ZDA)
HYT,NASDAQ (ZDA)
HZO,NASDAQ (ZDA)
IAC,NASDAQ (ZDA)
IAE,NASDAQ (ZDA)
IAF,NASDAQ (ZDA)
IAG,NASDAQ (ZDA)
IART,NASDAQ (ZDA)
IBCP,NASDAQ (ZDA)
IBEX,NASDAQ (ZDA)
IBKR,NASDAQ (ZDA)
IBM,NASDAQ (ZDA)
IBN,NASDAQ (ZDA)
IBOC,NASDAQ (ZDA)
IBP,NASDAQ (ZDA)
IBRX,NASDAQ (ZDA)
ICCC,NASDAQ (ZDA)
ICE,NASDAQ (ZDA)
ICFI,NASDAQ (ZDA)
ICHR,NASDAQ (ZDA)
ICL,NASDAQ (ZDA)
ICLR,NASDAQ (ZDA)
ICU,NASDAQ (ZDA)
ICUI,NASDAQ (ZDA)
IDA,NASDAQ (ZDA)
IDAI,NASDAQ (ZDA)
IDCC,NASDAQ (ZDA)
IDE,NASDAQ (ZDA)
IDN,NASDAQ (ZDA)
IDR,NASDAQ (ZDA)
IDT,NASDAQ (ZDA)
IDXX,NASDAQ (ZDA)
IDYA,NASDAQ (ZDA)
IE,NASDAQ (ZDA)
IEP,NASDAQ (ZDA)
IESC,NASDAQ (ZDA)
IEX,NASDAQ (ZDA)
IFF,NASDAQ (ZDA)
IFN,NASDAQ (ZDA)
IFRX,NASDAQ (ZDA)
IFS,NASDAQ (ZDA)
IGA,NASDAQ (ZDA)
IGD,NASDAQ (ZDA)
IGI,NASDAQ (ZDA)
IGIC,NASDAQ (ZDA)
IGR,NASDAQ (ZDA)
IHD,NASDAQ (ZDA)
IHG,NASDAQ (ZDA)
IHRT,NASDAQ (ZDA)
IHS,NASDAQ (ZDA)
IIF,NASDAQ (ZDA)
III,NASDAQ (ZDA)
IIIN,NASDAQ (ZDA)
IIIV,NASDAQ (ZDA)
IIM,NASDAQ (ZDA)
IIPR,NASDAQ (ZDA)
ILMN,NASDAQ (ZDA)
ILPT,NASDAQ (ZDA)
IMA,NASDAQ (ZDA)
IMAX,NASDAQ (ZDA)
IMCR,NASDAQ (ZDA)
IMDX,NASDAQ (ZDA)
IMKTA,NASDAQ (ZDA)
IMMR,NASDAQ (ZDA)
IMMX,NASDAQ (ZDA)
IMNM,NASDAQ (ZDA)
IMNN,NASDAQ (ZDA)
IMO,NASDAQ (ZDA)
IMOS,NASDAQ (ZDA)
IMPP,NASDAQ (ZDA)
IMPPP,NASDAQ (ZDA)
IMRX,NASDAQ (ZDA)
IMTX,NASDAQ (ZDA)
IMUX,NASDAQ (ZDA)
IMVT,NASDAQ (ZDA)
IMXI,NASDAQ (ZDA)
INBK,NASDAQ (ZDA)
INBKZ,NASDAQ (ZDA)
INBS,NASDAQ (ZDA)
INCY,NASDAQ (ZDA)
INDB,NASDAQ (ZDA)
INDI,NASDAQ (ZDA)
INDO,NASDAQ (ZDA)
INDV,NASDAQ (ZDA)
INFU,NASDAQ (ZDA)
INFY,NASDAQ (ZDA)
ING,NASDAQ (ZDA)
INGN,NASDAQ (ZDA)
INGR,NASDAQ (ZDA)
INKT,NASDAQ (ZDA)
INLX,NASDAQ (ZDA)
INMD,NASDAQ (ZDA)
INN,NASDAQ (ZDA)
INNV,NASDAQ (ZDA)
INOD,NASDAQ (ZDA)
INSE,NASDAQ (ZDA)
INSG,NASDAQ (ZDA)
INSM,NASDAQ (ZDA)
INSP,NASDAQ (ZDA)
INSW,NASDAQ (ZDA)
INTA,NASDAQ (ZDA)
INTC,NASDAQ (ZDA)
INTG,NASDAQ (ZDA)
INTR,NASDAQ (ZDA)
INTT,NASDAQ (ZDA)
INTU,NASDAQ (ZDA)
INV,NASDAQ (ZDA)
INVA,NASDAQ (ZDA)
INVE,NASDAQ (ZDA)
INVH,NASDAQ (ZDA)
INVX,NASDAQ (ZDA)
IONQ,NASDAQ (ZDA)
IONR,NASDAQ (ZDA)
IONS,NASDAQ (ZDA)
IOR,NASDAQ (ZDA)
IOSP,NASDAQ (ZDA)
IOT,NASDAQ (ZDA)
IOVA,NASDAQ (ZDA)
IP,NASDAQ (ZDA)
IPAR,NASDAQ (ZDA)
IPGP,NASDAQ (ZDA)
IPI,NASDAQ (ZDA)
IPSC,NASDAQ (ZDA)
IPW,NASDAQ (ZDA)
IPWR,NASDAQ (ZDA)
IPX,NASDAQ (ZDA)
IQI,NASDAQ (ZDA)
IQV,NASDAQ (ZDA)
IR,NASDAQ (ZDA)
IRD,NASDAQ (ZDA)
IRDM,NASDAQ (ZDA)
IREN,NASDAQ (ZDA)
IRM,NASDAQ (ZDA)
IRMD,NASDAQ (ZDA)
IRON,NASDAQ (ZDA)
IRS,NASDAQ (ZDA)
IRT,NASDAQ (ZDA)
IRTC,NASDAQ (ZDA)
IRWD,NASDAQ (ZDA)
ISBA,NASDAQ (ZDA)
ISD,NASDAQ (ZDA)
ISOU,NASDAQ (ZDA)
ISPC,NASDAQ (ZDA)
ISRG,NASDAQ (ZDA)
ISSC,NASDAQ (ZDA)
ISTR,NASDAQ (ZDA)
IT,NASDAQ (ZDA)
ITGR,NASDAQ (ZDA)
ITIC,NASDAQ (ZDA)
ITRG,NASDAQ (ZDA)
ITRI,NASDAQ (ZDA)
ITRN,NASDAQ (ZDA)
ITT,NASDAQ (ZDA)
ITUB,NASDAQ (ZDA)
ITW,NASDAQ (ZDA)
IVA,NASDAQ (ZDA)
IVR,NASDAQ (ZDA)
IVT,NASDAQ (ZDA)
IVZ,NASDAQ (ZDA)
IX,NASDAQ (ZDA)
IXHL,NASDAQ (ZDA)
IZEA,NASDAQ (ZDA)
J,NASDAQ (ZDA)
JACK,NASDAQ (ZDA)
JAGX,NASDAQ (ZDA)
JAKK,NASDAQ (ZDA)
JANX,NASDAQ (ZDA)
JAZZ,NASDAQ (ZDA)
JBGS,NASDAQ (ZDA)
JBHT,NASDAQ (ZDA)
JBI,NASDAQ (ZDA)
JBIO,NASDAQ (ZDA)
JBK,NASDAQ (ZDA)
JBL,NASDAQ (ZDA)
JBLU,NASDAQ (ZDA)
JBSS,NASDAQ (ZDA)
JBTM,NASDAQ (ZDA)
JCE,NASDAQ (ZDA)
JCI,NASDAQ (ZDA)
JCTC,NASDAQ (ZDA)
JD,NASDAQ (ZDA)
JEF,NASDAQ (ZDA)
JELD,NASDAQ (ZDA)
JFIN,NASDAQ (ZDA)
JFR,NASDAQ (ZDA)
JFU,NASDAQ (ZDA)
JG,NASDAQ (ZDA)
JGH,NASDAQ (ZDA)
JHG,NASDAQ (ZDA)
JHI,NASDAQ (ZDA)
JHS,NASDAQ (ZDA)
JHX,NASDAQ (ZDA)
JILL,NASDAQ (ZDA)
JJSF,NASDAQ (ZDA)
JKHY,NASDAQ (ZDA)
JKS,NASDAQ (ZDA)
JLL,NASDAQ (ZDA)
JLS,NASDAQ (ZDA)
JMIA,NASDAQ (ZDA)
JMM,NASDAQ (ZDA)
JMSB,NASDAQ (ZDA)
JNJ,NASDAQ (ZDA)
JOBY,NASDAQ (ZDA)
JOE,NASDAQ (ZDA)
JOF,NASDAQ (ZDA)
JOUT,NASDAQ (ZDA)
JOYY,NASDAQ (ZDA)
JPC,NASDAQ (ZDA)
JPM,NASDAQ (ZDA)
JQC,NASDAQ (ZDA)
JRI,NASDAQ (ZDA)
JRS,NASDAQ (ZDA)
JRSH,NASDAQ (ZDA)
JRVR,NASDAQ (ZDA)
JSM,NASDAQ (ZDA)
JTAI,NASDAQ (ZDA)
JVA,NASDAQ (ZDA)
JWEL,NASDAQ (ZDA)
JXG,NASDAQ (ZDA)
JXN,NASDAQ (ZDA)
JYNT,NASDAQ (ZDA)
KAI,NASDAQ (ZDA)
KALA,NASDAQ (ZDA)
KALU,NASDAQ (ZDA)
KALV,NASDAQ (ZDA)
KARO,NASDAQ (ZDA)
KB,NASDAQ (ZDA)
KBH,NASDAQ (ZDA)
KBR,NASDAQ (ZDA)
KC,NASDAQ (ZDA)
KD,NASDAQ (ZDA)
KDP,NASDAQ (ZDA)
KE,NASDAQ (ZDA)
KEEL,NASDAQ (ZDA)
KELYA,NASDAQ (ZDA)
KELYB,NASDAQ (ZDA)
KEN,NASDAQ (ZDA)
KEP,NASDAQ (ZDA)
KEQU,NASDAQ (ZDA)
KEX,NASDAQ (ZDA)
KEY,NASDAQ (ZDA)
KEYS,NASDAQ (ZDA)
KF,NASDAQ (ZDA)
KFFB,NASDAQ (ZDA)
KFRC,NASDAQ (ZDA)
KFY,NASDAQ (ZDA)
KG,NASDAQ (ZDA)
KGC,NASDAQ (ZDA)
KGEI,NASDAQ (ZDA)
KHC,NASDAQ (ZDA)
KIDS,NASDAQ (ZDA)
KIM,NASDAQ (ZDA)
KINS,NASDAQ (ZDA)
KIO,NASDAQ (ZDA)
KKR,NASDAQ (ZDA)
KKRS,NASDAQ (ZDA)
KLAC,NASDAQ (ZDA)
KLIC,NASDAQ (ZDA)
KLRS,NASDAQ (ZDA)
KLXE,NASDAQ (ZDA)
KMB,NASDAQ (ZDA)
KMDA,NASDAQ (ZDA)
KMI,NASDAQ (ZDA)
KMPB,NASDAQ (ZDA)
KMPR,NASDAQ (ZDA)
KMT,NASDAQ (ZDA)
KMX,NASDAQ (ZDA)
KN,NASDAQ (ZDA)
KNOP,NASDAQ (ZDA)
KNSA,NASDAQ (ZDA)
KNSL,NASDAQ (ZDA)
KNTK,NASDAQ (ZDA)
KNX,NASDAQ (ZDA)
KO,NASDAQ (ZDA)
KOD,NASDAQ (ZDA)
KODK,NASDAQ (ZDA)
KOF,NASDAQ (ZDA)
KOP,NASDAQ (ZDA)
KOPN,NASDAQ (ZDA)
KORE,NASDAQ (ZDA)
KOS,NASDAQ (ZDA)
KOSS,NASDAQ (ZDA)
KPLT,NASDAQ (ZDA)
KPRX,NASDAQ (ZDA)
KPTI,NASDAQ (ZDA)
KR,NASDAQ (ZDA)
KRC,NASDAQ (ZDA)
KREF,NASDAQ (ZDA)
KRG,NASDAQ (ZDA)
KRKR,NASDAQ (ZDA)
KRMD,NASDAQ (ZDA)
KRNT,NASDAQ (ZDA)
KRNY,NASDAQ (ZDA)
KRO,NASDAQ (ZDA)
KROS,NASDAQ (ZDA)
KRP,NASDAQ (ZDA)
KRRO,NASDAQ (ZDA)
KRT,NASDAQ (ZDA)
KRUS,NASDAQ (ZDA)
KRYS,NASDAQ (ZDA)
KSCP,NASDAQ (ZDA)
KSS,NASDAQ (ZDA)
KT,NASDAQ (ZDA)
KTB,NASDAQ (ZDA)
KTCC,NASDAQ (ZDA)
KTF,NASDAQ (ZDA)
KTH,NASDAQ (ZDA)
KTN,NASDAQ (ZDA)
KTOS,NASDAQ (ZDA)
KULR,NASDAQ (ZDA)
KURA,NASDAQ (ZDA)
KUST,NASDAQ (ZDA)
KVHI,NASDAQ (ZDA)
KW,NASDAQ (ZDA)
KWR,NASDAQ (ZDA)
KWY,NASDAQ (ZDA)
KXIN,NASDAQ (ZDA)
KYMR,NASDAQ (ZDA)
KYN,NASDAQ (ZDA)
KYNB,NASDAQ (ZDA)
KZIA,NASDAQ (ZDA)
L,NASDAQ (ZDA)
LAD,NASDAQ (ZDA)
LADR,NASDAQ (ZDA)
LAKE,NASDAQ (ZDA)
LAMR,NASDAQ (ZDA)
LAND,NASDAQ (ZDA)
LANDO,NASDAQ (ZDA)
LAR,NASDAQ (ZDA)
LARK,NASDAQ (ZDA)
LASR,NASDAQ (ZDA)
LAUR,NASDAQ (ZDA)
LAW,NASDAQ (ZDA)
LAZ,NASDAQ (ZDA)
LBRDA,NASDAQ (ZDA)
LBRDK,NASDAQ (ZDA)
LBRDP,NASDAQ (ZDA)
LBRT,NASDAQ (ZDA)
LBTYA,NASDAQ (ZDA)
LBTYB,NASDAQ (ZDA)
LBTYK,NASDAQ (ZDA)
LC,NASDAQ (ZDA)
LCFY,NASDAQ (ZDA)
LCID,NASDAQ (ZDA)
LCII,NASDAQ (ZDA)
LCNB,NASDAQ (ZDA)
LCUT,NASDAQ (ZDA)
LDOS,NASDAQ (ZDA)
LDP,NASDAQ (ZDA)
LE,NASDAQ (ZDA)
LEA,NASDAQ (ZDA)
LECO,NASDAQ (ZDA)
LEDS,NASDAQ (ZDA)
LEE,NASDAQ (ZDA)
LEG,NASDAQ (ZDA)
LEGH,NASDAQ (ZDA)
LEGN,NASDAQ (ZDA)
LEN,NASDAQ (ZDA)
LENZ,NASDAQ (ZDA)
LEO,NASDAQ (ZDA)
LESL,NASDAQ (ZDA)
LEU,NASDAQ (ZDA)
LEVI,NASDAQ (ZDA)
LFCR,NASDAQ (ZDA)
LFMD,NASDAQ (ZDA)
LFMDP,NASDAQ (ZDA)
LFST,NASDAQ (ZDA)
LFUS,NASDAQ (ZDA)
LFVN,NASDAQ (ZDA)
LFWD,NASDAQ (ZDA)
LGI,NASDAQ (ZDA)
LGIH,NASDAQ (ZDA)
LGL,NASDAQ (ZDA)
LGND,NASDAQ (ZDA)
LH,NASDAQ (ZDA)
LHX,NASDAQ (ZDA)
LI,NASDAQ (ZDA)
LIDR,NASDAQ (ZDA)
LIEN,NASDAQ (ZDA)
LII,NASDAQ (ZDA)
LILA,NASDAQ (ZDA)
LILAK,NASDAQ (ZDA)
LIN,NASDAQ (ZDA)
LINC,NASDAQ (ZDA)
LIND,NASDAQ (ZDA)
LINK,NASDAQ (ZDA)
LION,NASDAQ (ZDA)
LITB,NASDAQ (ZDA)
LITE,NASDAQ (ZDA)
LIVE,NASDAQ (ZDA)
LIVN,NASDAQ (ZDA)
LIXT,NASDAQ (ZDA)
LKFN,NASDAQ (ZDA)
LKFT,NASDAQ (ZDA)
LKQ,NASDAQ (ZDA)
LLY,NASDAQ (ZDA)
LMAT,NASDAQ (ZDA)
LMB,NASDAQ (ZDA)
LMND,NASDAQ (ZDA)
LMNR,NASDAQ (ZDA)
LMT,NASDAQ (ZDA)
LNAI,NASDAQ (ZDA)
LNC,NASDAQ (ZDA)
LND,NASDAQ (ZDA)
LNG,NASDAQ (ZDA)
LNN,NASDAQ (ZDA)
LNSR,NASDAQ (ZDA)
LNT,NASDAQ (ZDA)
LNTH,NASDAQ (ZDA)
LNZA,NASDAQ (ZDA)
LOAN,NASDAQ (ZDA)
LOB,NASDAQ (ZDA)
LOCO,NASDAQ (ZDA)
LODE,NASDAQ (ZDA)
LOGI,NASDAQ (ZDA)
LOMA,NASDAQ (ZDA)
LONA,NASDAQ (ZDA)
LOPE,NASDAQ (ZDA)
LOVE,NASDAQ (ZDA)
LOW,NASDAQ (ZDA)
LPCN,NASDAQ (ZDA)
LPG,NASDAQ (ZDA)
LPL,NASDAQ (ZDA)
LPLA,NASDAQ (ZDA)
LPRO,NASDAQ (ZDA)
LPSN,NASDAQ (ZDA)
LPTH,NASDAQ (ZDA)
LPX,NASDAQ (ZDA)
LQDA,NASDAQ (ZDA)
LQDT,NASDAQ (ZDA)
LRCX,NASDAQ (ZDA)
LRMR,NASDAQ (ZDA)
LRN,NASDAQ (ZDA)
LSAK,NASDAQ (ZDA)
LSBK,NASDAQ (ZDA)
LSCC,NASDAQ (ZDA)
LSF,NASDAQ (ZDA)
LSPD,NASDAQ (ZDA)
LSTA,NASDAQ (ZDA)
LSTR,NASDAQ (ZDA)
LTBR,NASDAQ (ZDA)
LTC,NASDAQ (ZDA)
LTH,NASDAQ (ZDA)
LTRN,NASDAQ (ZDA)
LTRX,NASDAQ (ZDA)
LUCK,NASDAQ (ZDA)
LULU,NASDAQ (ZDA)
LUMN,NASDAQ (ZDA)
LUNR,NASDAQ (ZDA)
LUV,NASDAQ (ZDA)
LUXE,NASDAQ (ZDA)
LVLU,NASDAQ (ZDA)
LVO,NASDAQ (ZDA)
LVS,NASDAQ (ZDA)
LW,NASDAQ (ZDA)
LWAY,NASDAQ (ZDA)
LWLG,NASDAQ (ZDA)
LX,NASDAQ (ZDA)
LXFR,NASDAQ (ZDA)
LXP,NASDAQ (ZDA)
LXRX,NASDAQ (ZDA)
LXU,NASDAQ (ZDA)
LYB,NASDAQ (ZDA)
LYEL,NASDAQ (ZDA)
LYFT,NASDAQ (ZDA)
LYG,NASDAQ (ZDA)
LYTS,NASDAQ (ZDA)
LYV,NASDAQ (ZDA)
LZ,NASDAQ (ZDA)
LZB,NASDAQ (ZDA)
LZM,NASDAQ (ZDA)
M,NASDAQ (ZDA)
MA,NASDAQ (ZDA)
MAA,NASDAQ (ZDA)
MAAS,NASDAQ (ZDA)
MAC,NASDAQ (ZDA)
MAGN,NASDAQ (ZDA)
MAIN,NASDAQ (ZDA)
MAKO,NASDAQ (ZDA)
MAMA,NASDAQ (ZDA)
MAN,NASDAQ (ZDA)
MANH,NASDAQ (ZDA)
MANU,NASDAQ (ZDA)
MAR,NASDAQ (ZDA)
MARA,NASDAQ (ZDA)
MARPS,NASDAQ (ZDA)
MAS,NASDAQ (ZDA)
MASI,NASDAQ (ZDA)
MASS,NASDAQ (ZDA)
MAT,NASDAQ (ZDA)
MATV,NASDAQ (ZDA)
MATW,NASDAQ (ZDA)
MATX,NASDAQ (ZDA)
MAX,NASDAQ (ZDA)
MAYS,NASDAQ (ZDA)
MBBC,NASDAQ (ZDA)
MBI,NASDAQ (ZDA)
MBIN,NASDAQ (ZDA)
MBINN,NASDAQ (ZDA)
MBOT,NASDAQ (ZDA)
MBRX,NASDAQ (ZDA)
MBUU,NASDAQ (ZDA)
MBWM,NASDAQ (ZDA)
MC,NASDAQ (ZDA)
MCB,NASDAQ (ZDA)
MCBS,NASDAQ (ZDA)
MCD,NASDAQ (ZDA)
MCFT,NASDAQ (ZDA)
MCHB,NASDAQ (ZDA)
MCHP,NASDAQ (ZDA)
MCI,NASDAQ (ZDA)
MCK,NASDAQ (ZDA)
MCN,NASDAQ (ZDA)
MCO,NASDAQ (ZDA)
MCR,NASDAQ (ZDA)
MCRB,NASDAQ (ZDA)
MCRI,NASDAQ (ZDA)
MCS,NASDAQ (ZDA)
MCY,NASDAQ (ZDA)
MD,NASDAQ (ZDA)
MDAI,NASDAQ (ZDA)
MDB,NASDAQ (ZDA)
MDGL,NASDAQ (ZDA)
MDLZ,NASDAQ (ZDA)
MDRR,NASDAQ (ZDA)
MDT,NASDAQ (ZDA)
MDU,NASDAQ (ZDA)
MDV,NASDAQ (ZDA)
MDWD,NASDAQ (ZDA)
MDXG,NASDAQ (ZDA)
MEC,NASDAQ (ZDA)
MED,NASDAQ (ZDA)
MEDP,NASDAQ (ZDA)
MEGI,NASDAQ (ZDA)
MEI,NASDAQ (ZDA)
MELI,NASDAQ (ZDA)
MEOH,NASDAQ (ZDA)
MESO,NASDAQ (ZDA)
MET,NASDAQ (ZDA)
META,NASDAQ (ZDA)
METC,NASDAQ (ZDA)
MFA,NASDAQ (ZDA)
MFC,NASDAQ (ZDA)
MFG,NASDAQ (ZDA)
MFIC,NASDAQ (ZDA)
MFIN,NASDAQ (ZDA)
MFM,NASDAQ (ZDA)
MG,NASDAQ (ZDA)
MGA,NASDAQ (ZDA)
MGEE,NASDAQ (ZDA)
MGF,NASDAQ (ZDA)
MGM,NASDAQ (ZDA)
MGNI,NASDAQ (ZDA)
MGNX,NASDAQ (ZDA)
MGPI,NASDAQ (ZDA)
MGR,NASDAQ (ZDA)
MGRB,NASDAQ (ZDA)
MGRC,NASDAQ (ZDA)
MGRD,NASDAQ (ZDA)
MGTX,NASDAQ (ZDA)
MGY,NASDAQ (ZDA)
MGYR,NASDAQ (ZDA)
MHD,NASDAQ (ZDA)
MHF,NASDAQ (ZDA)
MHH,NASDAQ (ZDA)
MHK,NASDAQ (ZDA)
MHLA,NASDAQ (ZDA)
MHNC,NASDAQ (ZDA)
MHO,NASDAQ (ZDA)
MI,NASDAQ (ZDA)
MIDD,NASDAQ (ZDA)
MIN,NASDAQ (ZDA)
MIND,NASDAQ (ZDA)
MIR,NASDAQ (ZDA)
MIRM,NASDAQ (ZDA)
MITK,NASDAQ (ZDA)
MITT,NASDAQ (ZDA)
MIY,NASDAQ (ZDA)
MKC,NASDAQ (ZDA)
MKL,NASDAQ (ZDA)
MKSI,NASDAQ (ZDA)
MKTW,NASDAQ (ZDA)
MKTX,NASDAQ (ZDA)
MLAB,NASDAQ (ZDA)
MLCI,NASDAQ (ZDA)
MLCO,NASDAQ (ZDA)
MLEC,NASDAQ (ZDA)
MLGO,NASDAQ (ZDA)
MLI,NASDAQ (ZDA)
MLKN,NASDAQ (ZDA)
MLM,NASDAQ (ZDA)
MLP,NASDAQ (ZDA)
MLR,NASDAQ (ZDA)
MLTX,NASDAQ (ZDA)
MMD,NASDAQ (ZDA)
MMI,NASDAQ (ZDA)
MMLP,NASDAQ (ZDA)
MMM,NASDAQ (ZDA)
MMS,NASDAQ (ZDA)
MMSI,NASDAQ (ZDA)
MMT,NASDAQ (ZDA)
MMU,NASDAQ (ZDA)
MMYT,NASDAQ (ZDA)
MNDY,NASDAQ (ZDA)
MNKD,NASDAQ (ZDA)
MNPR,NASDAQ (ZDA)
MNRO,NASDAQ (ZDA)
MNSB,NASDAQ (ZDA)
MNSBP,NASDAQ (ZDA)
MNSO,NASDAQ (ZDA)
MNST,NASDAQ (ZDA)
MNTS,NASDAQ (ZDA)
MO,NASDAQ (ZDA)
MOBX,NASDAQ (ZDA)
MOD,NASDAQ (ZDA)
MODD,NASDAQ (ZDA)
MOGU,NASDAQ (ZDA)
MOH,NASDAQ (ZDA)
MOLN,NASDAQ (ZDA)
MOMO,NASDAQ (ZDA)
MORN,NASDAQ (ZDA)
MOS,NASDAQ (ZDA)
MOV,NASDAQ (ZDA)
MOVE,NASDAQ (ZDA)
MP,NASDAQ (ZDA)
MPA,NASDAQ (ZDA)
MPAA,NASDAQ (ZDA)
MPB,NASDAQ (ZDA)
MPC,NASDAQ (ZDA)
MPLX,NASDAQ (ZDA)
MPT,NASDAQ (ZDA)
MPV,NASDAQ (ZDA)
MPWR,NASDAQ (ZDA)
MQ,NASDAQ (ZDA)
MQY,NASDAQ (ZDA)
MRAM,NASDAQ (ZDA)
MRBK,NASDAQ (ZDA)
MRCY,NASDAQ (ZDA)
MRDN,NASDAQ (ZDA)
MRK,NASDAQ (ZDA)
MRNA,NASDAQ (ZDA)
MRSH,NASDAQ (ZDA)
MRTN,NASDAQ (ZDA)
MRVI,NASDAQ (ZDA)
MRVL,NASDAQ (ZDA)
MS,NASDAQ (ZDA)
MSA,NASDAQ (ZDA)
MSAI,NASDAQ (ZDA)
MSB,NASDAQ (ZDA)
MSBI,NASDAQ (ZDA)
MSC,NASDAQ (ZDA)
MSCI,NASDAQ (ZDA)
MSD,NASDAQ (ZDA)
MSEX,NASDAQ (ZDA)
MSFT,NASDAQ (ZDA)
MSGM,NASDAQ (ZDA)
MSGS,NASDAQ (ZDA)
MSI,NASDAQ (ZDA)
MSLE,NASDAQ (ZDA)
MSM,NASDAQ (ZDA)
MSTR,NASDAQ (ZDA)
MT,NASDAQ (ZDA)
MTA,NASDAQ (ZDA)
MTB,NASDAQ (ZDA)
MTC,NASDAQ (ZDA)
MTCH,NASDAQ (ZDA)
MTD,NASDAQ (ZDA)
MTDR,NASDAQ (ZDA)
MTEX,NASDAQ (ZDA)
MTG,NASDAQ (ZDA)
MTH,NASDAQ (ZDA)
MTLS,NASDAQ (ZDA)
MTN,NASDAQ (ZDA)
MTR,NASDAQ (ZDA)
MTRN,NASDAQ (ZDA)
MTRX,NASDAQ (ZDA)
MTSI,NASDAQ (ZDA)
MTUS,NASDAQ (ZDA)
MTVA,NASDAQ (ZDA)
MTW,NASDAQ (ZDA)
MTX,NASDAQ (ZDA)
MTZ,NASDAQ (ZDA)
MU,NASDAQ (ZDA)
MUA,NASDAQ (ZDA)
MUC,NASDAQ (ZDA)
MUFG,NASDAQ (ZDA)
MUJ,NASDAQ (ZDA)
MUR,NASDAQ (ZDA)
MUSA,NASDAQ (ZDA)
MUX,NASDAQ (ZDA)
MVBF,NASDAQ (ZDA)
MWA,NASDAQ (ZDA)
MX,NASDAQ (ZDA)
MXC,NASDAQ (ZDA)
MXE,NASDAQ (ZDA)
MXF,NASDAQ (ZDA)
MXL,NASDAQ (ZDA)
MYE,NASDAQ (ZDA)
MYFW,NASDAQ (ZDA)
MYGN,NASDAQ (ZDA)
MYI,NASDAQ (ZDA)
MYN,NASDAQ (ZDA)
MYRG,NASDAQ (ZDA)
MZTI,NASDAQ (ZDA)
NAAS,NASDAQ (ZDA)
NABL,NASDAQ (ZDA)
NAC,NASDAQ (ZDA)
NAD,NASDAQ (ZDA)
NAGE,NASDAQ (ZDA)
NAII,NASDAQ (ZDA)
NAK,NASDAQ (ZDA)
NAMS,NASDAQ (ZDA)
NAMSW,NASDAQ (ZDA)
NAN,NASDAQ (ZDA)
NAT,NASDAQ (ZDA)
NATH,NASDAQ (ZDA)
NATR,NASDAQ (ZDA)
NAUT,NASDAQ (ZDA)
NAVI,NASDAQ (ZDA)
NAZ,NASDAQ (ZDA)
NBB,NASDAQ (ZDA)
NBH,NASDAQ (ZDA)
NBHC,NASDAQ (ZDA)
NBIX,NASDAQ (ZDA)
NBN,NASDAQ (ZDA)
NBR,NASDAQ (ZDA)
NBTB,NASDAQ (ZDA)
NBTX,NASDAQ (ZDA)
NBXG,NASDAQ (ZDA)
NC,NASDAQ (ZDA)
NCA,NASDAQ (ZDA)
NCEL,NASDAQ (ZDA)
NCLH,NASDAQ (ZDA)
NCMI,NASDAQ (ZDA)
NCNA,NASDAQ (ZDA)
NCNO,NASDAQ (ZDA)
NCSM,NASDAQ (ZDA)
NCTY,NASDAQ (ZDA)
NCV,NASDAQ (ZDA)
NCZ,NASDAQ (ZDA)
NDAQ,NASDAQ (ZDA)
NDLS,NASDAQ (ZDA)
NDMO,NASDAQ (ZDA)
NDRA,NASDAQ (ZDA)
NDSN,NASDAQ (ZDA)
NE,NASDAQ (ZDA)
NEA,NASDAQ (ZDA)
NECB,NASDAQ (ZDA)
NEE,NASDAQ (ZDA)
NEGG,NASDAQ (ZDA)
NEM,NASDAQ (ZDA)
NEN,NASDAQ (ZDA)
NEO,NASDAQ (ZDA)
NEOG,NASDAQ (ZDA)
NEOV,NASDAQ (ZDA)
NEPH,NASDAQ (ZDA)
NERV,NASDAQ (ZDA)
NET,NASDAQ (ZDA)
NEU,NASDAQ (ZDA)
NEUP,NASDAQ (ZDA)
NEWP,NASDAQ (ZDA)
NEWT,NASDAQ (ZDA)
NEXA,NASDAQ (ZDA)
NEXM,NASDAQ (ZDA)
NEXN,NASDAQ (ZDA)
NEXT,NASDAQ (ZDA)
NFBK,NASDAQ (ZDA)
NFG,NASDAQ (ZDA)
NFGC,NASDAQ (ZDA)
NFJ,NASDAQ (ZDA)
NFLX,NASDAQ (ZDA)
NG,NASDAQ (ZDA)
NGEN,NASDAQ (ZDA)
NGG,NASDAQ (ZDA)
NGL,NASDAQ (ZDA)
NGNE,NASDAQ (ZDA)
NGS,NASDAQ (ZDA)
NGVC,NASDAQ (ZDA)
NGVT,NASDAQ (ZDA)
NHC,NASDAQ (ZDA)
NHI,NASDAQ (ZDA)
NHPAP,NASDAQ (ZDA)
NHPBP,NASDAQ (ZDA)
NHS,NASDAQ (ZDA)
NHTC,NASDAQ (ZDA)
NI,NASDAQ (ZDA)
NIC,NASDAQ (ZDA)
NICE,NASDAQ (ZDA)
NIE,NASDAQ (ZDA)
NIM,NASDAQ (ZDA)
NIO,NASDAQ (ZDA)
NIU,NASDAQ (ZDA)
NJR,NASDAQ (ZDA)
NKE,NASDAQ (ZDA)
NKSH,NASDAQ (ZDA)
NKTR,NASDAQ (ZDA)
NKTX,NASDAQ (ZDA)
NKX,NASDAQ (ZDA)
NL,NASDAQ (ZDA)
NLY,NASDAQ (ZDA)
NMAI,NASDAQ (ZDA)
NMCO,NASDAQ (ZDA)
NMFC,NASDAQ (ZDA)
NMI,NASDAQ (ZDA)
NMIH,NASDAQ (ZDA)
NML,NASDAQ (ZDA)
NMM,NASDAQ (ZDA)
NMR,NASDAQ (ZDA)
NMRK,NASDAQ (ZDA)
NMS,NASDAQ (ZDA)
NMT,NASDAQ (ZDA)
NMTC,NASDAQ (ZDA)
NMZ,NASDAQ (ZDA)
NN,NASDAQ (ZDA)
NNBR,NASDAQ (ZDA)
NNI,NASDAQ (ZDA)
NNN,NASDAQ (ZDA)
NNY,NASDAQ (ZDA)
NOA,NASDAQ (ZDA)
NOAH,NASDAQ (ZDA)
NOC,NASDAQ (ZDA)
NODK,NASDAQ (ZDA)
NOG,NASDAQ (ZDA)
NOK,NASDAQ (ZDA)
NOMD,NASDAQ (ZDA)
NOV,NASDAQ (ZDA)
NOVT,NASDAQ (ZDA)
NOW,NASDAQ (ZDA)
NPCE,NASDAQ (ZDA)
NPCT,NASDAQ (ZDA)
NPFD,NASDAQ (ZDA)
NPK,NASDAQ (ZDA)
NPKI,NASDAQ (ZDA)
NPO,NASDAQ (ZDA)
NPV,NASDAQ (ZDA)
NPWR,NASDAQ (ZDA)
NRC,NASDAQ (ZDA)
NRDS,NASDAQ (ZDA)
NREF,NASDAQ (ZDA)
NRG,NASDAQ (ZDA)
NRGV,NASDAQ (ZDA)
NRIM,NASDAQ (ZDA)
NRIX,NASDAQ (ZDA)
NRK,NASDAQ (ZDA)
NRO,NASDAQ (ZDA)
NRP,NASDAQ (ZDA)
NRT,NASDAQ (ZDA)
NRUC,NASDAQ (ZDA)
NRXP,NASDAQ (ZDA)
NSA,NASDAQ (ZDA)
NSC,NASDAQ (ZDA)
NSIT,NASDAQ (ZDA)
NSP,NASDAQ (ZDA)
NSSC,NASDAQ (ZDA)
NSTS,NASDAQ (ZDA)
NSYS,NASDAQ (ZDA)
NTAP,NASDAQ (ZDA)
NTB,NASDAQ (ZDA)
NTCT,NASDAQ (ZDA)
NTES,NASDAQ (ZDA)
NTGR,NASDAQ (ZDA)
NTIC,NASDAQ (ZDA)
NTLA,NASDAQ (ZDA)
NTNX,NASDAQ (ZDA)
NTR,NASDAQ (ZDA)
NTRA,NASDAQ (ZDA)
NTRB,NASDAQ (ZDA)
NTRP,NASDAQ (ZDA)
NTRS,NASDAQ (ZDA)
NTRSO,NASDAQ (ZDA)
NTST,NASDAQ (ZDA)
NTWK,NASDAQ (ZDA)
NTZ,NASDAQ (ZDA)
NU,NASDAQ (ZDA)
NUAI,NASDAQ (ZDA)
NUE,NASDAQ (ZDA)
NUS,NASDAQ (ZDA)
NUTX,NASDAQ (ZDA)
NUV,NASDAQ (ZDA)
NUVB,NASDAQ (ZDA)
NUVL,NASDAQ (ZDA)
NUW,NASDAQ (ZDA)
NVAX,NASDAQ (ZDA)
NVCR,NASDAQ (ZDA)
NVCT,NASDAQ (ZDA)
NVDA,NASDAQ (ZDA)
NVEC,NASDAQ (ZDA)
NVG,NASDAQ (ZDA)
NVGS,NASDAQ (ZDA)
NVMI,NASDAQ (ZDA)
NVNO,NASDAQ (ZDA)
NVO,NASDAQ (ZDA)
NVR,NASDAQ (ZDA)
NVS,NASDAQ (ZDA)
NVST,NASDAQ (ZDA)
NVT,NASDAQ (ZDA)
NVTS,NASDAQ (ZDA)
NWBI,NASDAQ (ZDA)
NWE,NASDAQ (ZDA)
NWFL,NASDAQ (ZDA)
NWG,NASDAQ (ZDA)
NWL,NASDAQ (ZDA)
NWN,NASDAQ (ZDA)
NWPX,NASDAQ (ZDA)
NWS,NASDAQ (ZDA)
NWSA,NASDAQ (ZDA)
NX,NASDAQ (ZDA)
NXDR,NASDAQ (ZDA)
NXDT,NASDAQ (ZDA)
NXE,NASDAQ (ZDA)
NXG,NASDAQ (ZDA)
NXP,NASDAQ (ZDA)
NXPI,NASDAQ (ZDA)
NXPL,NASDAQ (ZDA)
NXRT,NASDAQ (ZDA)
NXST,NASDAQ (ZDA)
NXTC,NASDAQ (ZDA)
NXTS,NASDAQ (ZDA)
NYC,NASDAQ (ZDA)
NYT,NASDAQ (ZDA)
NYXH,NASDAQ (ZDA)
NZF,NASDAQ (ZDA)
O,NASDAQ (ZDA)
OABI,NASDAQ (ZDA)
OBDC,NASDAQ (ZDA)
OBE,NASDAQ (ZDA)
OBIO,NASDAQ (ZDA)
OBK,NASDAQ (ZDA)
OBT,NASDAQ (ZDA)
OC,NASDAQ (ZDA)
OCC,NASDAQ (ZDA)
OCCI,NASDAQ (ZDA)
OCCIN,NASDAQ (ZDA)
OCFC,NASDAQ (ZDA)
OCG,NASDAQ (ZDA)
OCS,NASDAQ (ZDA)
OCSL,NASDAQ (ZDA)
OCUL,NASDAQ (ZDA)
ODC,NASDAQ (ZDA)
ODFL,NASDAQ (ZDA)
ODV,NASDAQ (ZDA)
ODYS,NASDAQ (ZDA)
OEC,NASDAQ (ZDA)
OESX,NASDAQ (ZDA)
OFG,NASDAQ (ZDA)
OFIX,NASDAQ (ZDA)
OFLX,NASDAQ (ZDA)
OFS,NASDAQ (ZDA)
OFSSH,NASDAQ (ZDA)
OGC,NASDAQ (ZDA)
OGE,NASDAQ (ZDA)
OGN,NASDAQ (ZDA)
OGS,NASDAQ (ZDA)
OHI,NASDAQ (ZDA)
OI,NASDAQ (ZDA)
OIA,NASDAQ (ZDA)
OII,NASDAQ (ZDA)
OIO,NASDAQ (ZDA)
OIS,NASDAQ (ZDA)
OKE,NASDAQ (ZDA)
OKLO,NASDAQ (ZDA)
OKTA,NASDAQ (ZDA)
OKUR,NASDAQ (ZDA)
OLED,NASDAQ (ZDA)
OLLI,NASDAQ (ZDA)
OLMA,NASDAQ (ZDA)
OLN,NASDAQ (ZDA)
OLOX,NASDAQ (ZDA)
OLP,NASDAQ (ZDA)
OLPX,NASDAQ (ZDA)
OM,NASDAQ (ZDA)
OMAB,NASDAQ (ZDA)
OMC,NASDAQ (ZDA)
OMCL,NASDAQ (ZDA)
OMER,NASDAQ (ZDA)
OMF,NASDAQ (ZDA)
ON,NASDAQ (ZDA)
ONB,NASDAQ (ZDA)
ONBPO,NASDAQ (ZDA)
ONBPP,NASDAQ (ZDA)
ONC,NASDAQ (ZDA)
ONDS,NASDAQ (ZDA)
ONEW,NASDAQ (ZDA)
ONIT,NASDAQ (ZDA)
ONL,NASDAQ (ZDA)
ONON,NASDAQ (ZDA)
ONT,NASDAQ (ZDA)
ONTO,NASDAQ (ZDA)
OOMA,NASDAQ (ZDA)
OPAL,NASDAQ (ZDA)
OPBK,NASDAQ (ZDA)
OPCH,NASDAQ (ZDA)
OPEN,NASDAQ (ZDA)
OPFI,NASDAQ (ZDA)
OPHC,NASDAQ (ZDA)
OPLN,NASDAQ (ZDA)
OPP,NASDAQ (ZDA)
OPRA,NASDAQ (ZDA)
OPRT,NASDAQ (ZDA)
OPRX,NASDAQ (ZDA)
OPTX,NASDAQ (ZDA)
OPXS,NASDAQ (ZDA)
OPY,NASDAQ (ZDA)
OR,NASDAQ (ZDA)
ORA,NASDAQ (ZDA)
ORC,NASDAQ (ZDA)
ORCL,NASDAQ (ZDA)
ORGO,NASDAQ (ZDA)
ORI,NASDAQ (ZDA)
ORIC,NASDAQ (ZDA)
ORKA,NASDAQ (ZDA)
ORLA,NASDAQ (ZDA)
ORLY,NASDAQ (ZDA)
ORMP,NASDAQ (ZDA)
ORN,NASDAQ (ZDA)
ORRF,NASDAQ (ZDA)
OSBC,NASDAQ (ZDA)
OSCR,NASDAQ (ZDA)
OSG,NASDAQ (ZDA)
OSIS,NASDAQ (ZDA)
OSK,NASDAQ (ZDA)
OSPN,NASDAQ (ZDA)
OSS,NASDAQ (ZDA)
OSUR,NASDAQ (ZDA)
OSW,NASDAQ (ZDA)
OTEX,NASDAQ (ZDA)
OTIS,NASDAQ (ZDA)
OTLY,NASDAQ (ZDA)
OTTR,NASDAQ (ZDA)
OUST,NASDAQ (ZDA)
OUT,NASDAQ (ZDA)
OVBC,NASDAQ (ZDA)
OVID,NASDAQ (ZDA)
OVLY,NASDAQ (ZDA)
OVV,NASDAQ (ZDA)
OWL,NASDAQ (ZDA)
OWLT,NASDAQ (ZDA)
OXLC,NASDAQ (ZDA)
OXLCL,NASDAQ (ZDA)
OXLCN,NASDAQ (ZDA)
OXLCO,NASDAQ (ZDA)
OXLCZ,NASDAQ (ZDA)
OXM,NASDAQ (ZDA)
OXSQG,NASDAQ (ZDA)
OXY,NASDAQ (ZDA)
OZ,NASDAQ (ZDA)
OZK,NASDAQ (ZDA)
OZKAP,NASDAQ (ZDA)
P,NASDAQ (ZDA)
PAA,NASDAQ (ZDA)
PAAS,NASDAQ (ZDA)
PAC,NASDAQ (ZDA)
PACK,NASDAQ (ZDA)
PAG,NASDAQ (ZDA)
PAGP,NASDAQ (ZDA)
PAGS,NASDAQ (ZDA)
PAHC,NASDAQ (ZDA)
PAI,NASDAQ (ZDA)
PALI,NASDAQ (ZDA)
PAM,NASDAQ (ZDA)
PAMT,NASDAQ (ZDA)
PANL,NASDAQ (ZDA)
PANW,NASDAQ (ZDA)
PAR,NASDAQ (ZDA)
PARR,NASDAQ (ZDA)
PASG,NASDAQ (ZDA)
PATH,NASDAQ (ZDA)
PATK,NASDAQ (ZDA)
PAVM,NASDAQ (ZDA)
PAX,NASDAQ (ZDA)
PAXS,NASDAQ (ZDA)
PAY,NASDAQ (ZDA)
PAYC,NASDAQ (ZDA)
PAYO,NASDAQ (ZDA)
PAYS,NASDAQ (ZDA)
PAYX,NASDAQ (ZDA)
PB,NASDAQ (ZDA)
PBA,NASDAQ (ZDA)
PBF,NASDAQ (ZDA)
PBFS,NASDAQ (ZDA)
PBH,NASDAQ (ZDA)
PBHC,NASDAQ (ZDA)
PBI,NASDAQ (ZDA)
PBM,NASDAQ (ZDA)
PBR,NASDAQ (ZDA)
PBT,NASDAQ (ZDA)
PBYI,NASDAQ (ZDA)
PCAR,NASDAQ (ZDA)
PCB,NASDAQ (ZDA)
PCF,NASDAQ (ZDA)
PCG,NASDAQ (ZDA)
PCM,NASDAQ (ZDA)
PCN,NASDAQ (ZDA)
PCOR,NASDAQ (ZDA)
PCQ,NASDAQ (ZDA)
PCRX,NASDAQ (ZDA)
PCSA,NASDAQ (ZDA)
PCT,NASDAQ (ZDA)
PCTTU,NASDAQ (ZDA)
PCTY,NASDAQ (ZDA)
PCVX,NASDAQ (ZDA)
PCYO,NASDAQ (ZDA)
PD,NASDAQ (ZDA)
PDD,NASDAQ (ZDA)
PDEX,NASDAQ (ZDA)
PDFS,NASDAQ (ZDA)
PDI,NASDAQ (ZDA)
PDLB,NASDAQ (ZDA)
PDM,NASDAQ (ZDA)
PDO,NASDAQ (ZDA)
PDS,NASDAQ (ZDA)
PDT,NASDAQ (ZDA)
PDX,NASDAQ (ZDA)
PDYN,NASDAQ (ZDA)
PEB,NASDAQ (ZDA)
PEBK,NASDAQ (ZDA)
PEBO,NASDAQ (ZDA)
PECO,NASDAQ (ZDA)
PED,NASDAQ (ZDA)
PEG,NASDAQ (ZDA)
PEGA,NASDAQ (ZDA)
PEN,NASDAQ (ZDA)
PENG,NASDAQ (ZDA)
PENN,NASDAQ (ZDA)
PEO,NASDAQ (ZDA)
PEP,NASDAQ (ZDA)
PERI,NASDAQ (ZDA)
PESI,NASDAQ (ZDA)
PETS,NASDAQ (ZDA)
PFBC,NASDAQ (ZDA)
PFD,NASDAQ (ZDA)
PFE,NASDAQ (ZDA)
PFG,NASDAQ (ZDA)
PFGC,NASDAQ (ZDA)
PFH,NASDAQ (ZDA)
PFIS,NASDAQ (ZDA)
PFL,NASDAQ (ZDA)
PFLT,NASDAQ (ZDA)
PFN,NASDAQ (ZDA)
PFO,NASDAQ (ZDA)
PFS,NASDAQ (ZDA)
PFSI,NASDAQ (ZDA)
PFX,NASDAQ (ZDA)
PFXNZ,NASDAQ (ZDA)
PG,NASDAQ (ZDA)
PGC,NASDAQ (ZDA)
PGEN,NASDAQ (ZDA)
PGNY,NASDAQ (ZDA)
PGP,NASDAQ (ZDA)
PGR,NASDAQ (ZDA)
PGY,NASDAQ (ZDA)
PGZ,NASDAQ (ZDA)
PH,NASDAQ (ZDA)
PHAR,NASDAQ (ZDA)
PHAT,NASDAQ (ZDA)
PHG,NASDAQ (ZDA)
PHI,NASDAQ (ZDA)
PHK,NASDAQ (ZDA)
PHM,NASDAQ (ZDA)
PHR,NASDAQ (ZDA)
PHVS,NASDAQ (ZDA)
PI,NASDAQ (ZDA)
PII,NASDAQ (ZDA)
PIII,NASDAQ (ZDA)
PIM,NASDAQ (ZDA)
PINE,NASDAQ (ZDA)
PINS,NASDAQ (ZDA)
PIPR,NASDAQ (ZDA)
PJT,NASDAQ (ZDA)
PK,NASDAQ (ZDA)
PKBK,NASDAQ (ZDA)
PKE,NASDAQ (ZDA)
PKG,NASDAQ (ZDA)
PKOH,NASDAQ (ZDA)
PKX,NASDAQ (ZDA)
PL,NASDAQ (ZDA)
PLAB,NASDAQ (ZDA)
PLAY,NASDAQ (ZDA)
PLBC,NASDAQ (ZDA)
PLCE,NASDAQ (ZDA)
PLD,NASDAQ (ZDA)
PLMR,NASDAQ (ZDA)
PLNT,NASDAQ (ZDA)
PLOW,NASDAQ (ZDA)
PLPC,NASDAQ (ZDA)
PLSE,NASDAQ (ZDA)
PLTK,NASDAQ (ZDA)
PLTR,NASDAQ (ZDA)
PLUG,NASDAQ (ZDA)
PLUR,NASDAQ (ZDA)
PLUS,NASDAQ (ZDA)
PLX,NASDAQ (ZDA)
PLXS,NASDAQ (ZDA)
PM,NASDAQ (ZDA)
PML,NASDAQ (ZDA)
PMM,NASDAQ (ZDA)
PMN,NASDAQ (ZDA)
PMO,NASDAQ (ZDA)
PMT,NASDAQ (ZDA)
PMTS,NASDAQ (ZDA)
PNC,NASDAQ (ZDA)
PNFP,NASDAQ (ZDA)
PNI,NASDAQ (ZDA)
PNNT,NASDAQ (ZDA)
PNR,NASDAQ (ZDA)
PNRG,NASDAQ (ZDA)
PNTG,NASDAQ (ZDA)
PNW,NASDAQ (ZDA)
POCI,NASDAQ (ZDA)
PODD,NASDAQ (ZDA)
POET,NASDAQ (ZDA)
POLA,NASDAQ (ZDA)
POOL,NASDAQ (ZDA)
POR,NASDAQ (ZDA)
POST,NASDAQ (ZDA)
POWI,NASDAQ (ZDA)
POWL,NASDAQ (ZDA)
POWW,NASDAQ (ZDA)
POWWP,NASDAQ (ZDA)
PPBT,NASDAQ (ZDA)
PPC,NASDAQ (ZDA)
PPG,NASDAQ (ZDA)
PPIH,NASDAQ (ZDA)
PPL,NASDAQ (ZDA)
PPSI,NASDAQ (ZDA)
PPT,NASDAQ (ZDA)
PPTA,NASDAQ (ZDA)
PR,NASDAQ (ZDA)
PRA,NASDAQ (ZDA)
PRAA,NASDAQ (ZDA)
PRAX,NASDAQ (ZDA)
PRCH,NASDAQ (ZDA)
PRCT,NASDAQ (ZDA)
PRDO,NASDAQ (ZDA)
PRE,NASDAQ (ZDA)
PRG,NASDAQ (ZDA)
PRGO,NASDAQ (ZDA)
PRGS,NASDAQ (ZDA)
PRI,NASDAQ (ZDA)
PRIM,NASDAQ (ZDA)
PRK,NASDAQ (ZDA)
PRKS,NASDAQ (ZDA)
PRLB,NASDAQ (ZDA)
PRLD,NASDAQ (ZDA)
PRM,NASDAQ (ZDA)
PRMB,NASDAQ (ZDA)
PROF,NASDAQ (ZDA)
PROV,NASDAQ (ZDA)
PRPO,NASDAQ (ZDA)
PRS,NASDAQ (ZDA)
PRSU,NASDAQ (ZDA)
PRT,NASDAQ (ZDA)
PRTA,NASDAQ (ZDA)
PRTH,NASDAQ (ZDA)
PRTS,NASDAQ (ZDA)
PRU,NASDAQ (ZDA)
PRVA,NASDAQ (ZDA)
PSA,NASDAQ (ZDA)
PSEC,NASDAQ (ZDA)
PSF,NASDAQ (ZDA)
PSFE,NASDAQ (ZDA)
PSIX,NASDAQ (ZDA)
PSKY,NASDAQ (ZDA)
PSMT,NASDAQ (ZDA)
PSN,NASDAQ (ZDA)
PSNL,NASDAQ (ZDA)
PSNY,NASDAQ (ZDA)
PSO,NASDAQ (ZDA)
PSTL,NASDAQ (ZDA)
PSTV,NASDAQ (ZDA)
PSX,NASDAQ (ZDA)
PTA,NASDAQ (ZDA)
PTC,NASDAQ (ZDA)
PTCT,NASDAQ (ZDA)
PTEN,NASDAQ (ZDA)
PTGX,NASDAQ (ZDA)
PTLO,NASDAQ (ZDA)
PTN,NASDAQ (ZDA)
PTON,NASDAQ (ZDA)
PTY,NASDAQ (ZDA)
PUBM,NASDAQ (ZDA)
PUK,NASDAQ (ZDA)
PUMP,NASDAQ (ZDA)
PVH,NASDAQ (ZDA)
PVLA,NASDAQ (ZDA)
PWP,NASDAQ (ZDA)
PWR,NASDAQ (ZDA)
PXLW,NASDAQ (ZDA)
PXS,NASDAQ (ZDA)
PYPD,NASDAQ (ZDA)
PYPL,NASDAQ (ZDA)
PYT,NASDAQ (ZDA)
PZZA,NASDAQ (ZDA)
QBTS,NASDAQ (ZDA)
QCLS,NASDAQ (ZDA)
QCOM,NASDAQ (ZDA)
QCRH,NASDAQ (ZDA)
QDEL,NASDAQ (ZDA)
QFIN,NASDAQ (ZDA)
QGEN,NASDAQ (ZDA)
QH,NASDAQ (ZDA)
QLYS,NASDAQ (ZDA)
QMCO,NASDAQ (ZDA)
QNRX,NASDAQ (ZDA)
QNST,NASDAQ (ZDA)
QNTM,NASDAQ (ZDA)
QQQX,NASDAQ (ZDA)
QRVO,NASDAQ (ZDA)
QS,NASDAQ (ZDA)
QSR,NASDAQ (ZDA)
QTEX,NASDAQ (ZDA)
QTI,NASDAQ (ZDA)
QTRX,NASDAQ (ZDA)
QTTB,NASDAQ (ZDA)
QTWO,NASDAQ (ZDA)
QUAD,NASDAQ (ZDA)
QUBT,NASDAQ (ZDA)
QUCY,NASDAQ (ZDA)
QUIK,NASDAQ (ZDA)
QURE,NASDAQ (ZDA)
QXL,NASDAQ (ZDA)
QXO,NASDAQ (ZDA)
R,NASDAQ (ZDA)
RA,NASDAQ (ZDA)
RACE,NASDAQ (ZDA)
RAIL,NASDAQ (ZDA)
RAMP,NASDAQ (ZDA)
RAND,NASDAQ (ZDA)
RARE,NASDAQ (ZDA)
RAVE,NASDAQ (ZDA)
RBA,NASDAQ (ZDA)
RBB,NASDAQ (ZDA)
RBBN,NASDAQ (ZDA)
RBC,NASDAQ (ZDA)
RBCAA,NASDAQ (ZDA)
RBKB,NASDAQ (ZDA)
RBLX,NASDAQ (ZDA)
RCAT,NASDAQ (ZDA)
RCEL,NASDAQ (ZDA)
RCG,NASDAQ (ZDA)
RCI,NASDAQ (ZDA)
RCKT,NASDAQ (ZDA)
RCKY,NASDAQ (ZDA)
RCL,NASDAQ (ZDA)
RCMT,NASDAQ (ZDA)
RCS,NASDAQ (ZDA)
RCUS,NASDAQ (ZDA)
RDCM,NASDAQ (ZDA)
RDIB,NASDAQ (ZDA)
RDN,NASDAQ (ZDA)
RDNT,NASDAQ (ZDA)
RDNW,NASDAQ (ZDA)
RDVT,NASDAQ (ZDA)
RDW,NASDAQ (ZDA)
RDWR,NASDAQ (ZDA)
RDY,NASDAQ (ZDA)
REAL,NASDAQ (ZDA)
REFI,NASDAQ (ZDA)
REG,NASDAQ (ZDA)
REGN,NASDAQ (ZDA)
RELL,NASDAQ (ZDA)
RELX,NASDAQ (ZDA)
RELY,NASDAQ (ZDA)
RENT,NASDAQ (ZDA)
REPL,NASDAQ (ZDA)
REPX,NASDAQ (ZDA)
RERE,NASDAQ (ZDA)
RES,NASDAQ (ZDA)
RETO,NASDAQ (ZDA)
REX,NASDAQ (ZDA)
REXR,NASDAQ (ZDA)
REYN,NASDAQ (ZDA)
REZI,NASDAQ (ZDA)
RF,NASDAQ (ZDA)
RFI,NASDAQ (ZDA)
RFIL,NASDAQ (ZDA)
RFM,NASDAQ (ZDA)
RFMZ,NASDAQ (ZDA)
RGA,NASDAQ (ZDA)
RGC,NASDAQ (ZDA)
RGCO,NASDAQ (ZDA)
RGEN,NASDAQ (ZDA)
RGLD,NASDAQ (ZDA)
RGNX,NASDAQ (ZDA)
RGP,NASDAQ (ZDA)
RGR,NASDAQ (ZDA)
RGS,NASDAQ (ZDA)
RGT,NASDAQ (ZDA)
RGTI,NASDAQ (ZDA)
RH,NASDAQ (ZDA)
RHI,NASDAQ (ZDA)
RHP,NASDAQ (ZDA)
RICK,NASDAQ (ZDA)
RIG,NASDAQ (ZDA)
RIGL,NASDAQ (ZDA)
RILY,NASDAQ (ZDA)
RILYG,NASDAQ (ZDA)
RILYL,NASDAQ (ZDA)
RILYN,NASDAQ (ZDA)
RILYP,NASDAQ (ZDA)
RILYT,NASDAQ (ZDA)
RILYZ,NASDAQ (ZDA)
RIO,NASDAQ (ZDA)
RIOT,NASDAQ (ZDA)
RITM,NASDAQ (ZDA)
RIV,NASDAQ (ZDA)
RIVN,NASDAQ (ZDA)
RJET,NASDAQ (ZDA)
RJF,NASDAQ (ZDA)
RKLB,NASDAQ (ZDA)
RKT,NASDAQ (ZDA)
RL,NASDAQ (ZDA)
RLAY,NASDAQ (ZDA)
RLGT,NASDAQ (ZDA)
RLI,NASDAQ (ZDA)
RLJ,NASDAQ (ZDA)
RLMD,NASDAQ (ZDA)
RLTY,NASDAQ (ZDA)
RLX,NASDAQ (ZDA)
RLYB,NASDAQ (ZDA)
RM,NASDAQ (ZDA)
RMAX,NASDAQ (ZDA)
RMBI,NASDAQ (ZDA)
RMBS,NASDAQ (ZDA)
RMCO,NASDAQ (ZDA)
RMD,NASDAQ (ZDA)
RMI,NASDAQ (ZDA)
RMM,NASDAQ (ZDA)
RMMZ,NASDAQ (ZDA)
RMNI,NASDAQ (ZDA)
RMR,NASDAQ (ZDA)
RMT,NASDAQ (ZDA)
RNAC,NASDAQ (ZDA)
RNAZ,NASDAQ (ZDA)
RNG,NASDAQ (ZDA)
RNGR,NASDAQ (ZDA)
RNP,NASDAQ (ZDA)
RNR,NASDAQ (ZDA)
RNST,NASDAQ (ZDA)
RNW,NASDAQ (ZDA)
ROAD,NASDAQ (ZDA)
ROCK,NASDAQ (ZDA)
ROG,NASDAQ (ZDA)
ROIV,NASDAQ (ZDA)
ROK,NASDAQ (ZDA)
ROKU,NASDAQ (ZDA)
ROL,NASDAQ (ZDA)
ROOT,NASDAQ (ZDA)
ROP,NASDAQ (ZDA)
ROST,NASDAQ (ZDA)
RPAY,NASDAQ (ZDA)
RPC,NASDAQ (ZDA)
RPD,NASDAQ (ZDA)
RPM,NASDAQ (ZDA)
RPRX,NASDAQ (ZDA)
RPT,NASDAQ (ZDA)
RQI,NASDAQ (ZDA)
RRBI,NASDAQ (ZDA)
RRC,NASDAQ (ZDA)
RRGB,NASDAQ (ZDA)
RRR,NASDAQ (ZDA)
RRX,NASDAQ (ZDA)
RS,NASDAQ (ZDA)
RSF,NASDAQ (ZDA)
RSG,NASDAQ (ZDA)
RSI,NASDAQ (ZDA)
RSKD,NASDAQ (ZDA)
RSSS,NASDAQ (ZDA)
RSVR,NASDAQ (ZDA)
RTB,NASDAQ (ZDA)
RTO,NASDAQ (ZDA)
RTX,NASDAQ (ZDA)
RUM,NASDAQ (ZDA)
RUN,NASDAQ (ZDA)
RUSHA,NASDAQ (ZDA)
RUSHB,NASDAQ (ZDA)
RVLV,NASDAQ (ZDA)
RVMD,NASDAQ (ZDA)
RVSB,NASDAQ (ZDA)
RVSN,NASDAQ (ZDA)
RVT,NASDAQ (ZDA)
RVTY,NASDAQ (ZDA)
RWAY,NASDAQ (ZDA)
RWT,NASDAQ (ZDA)
RXRX,NASDAQ (ZDA)
RXST,NASDAQ (ZDA)
RXT,NASDAQ (ZDA)
RY,NASDAQ (ZDA)
RYAAY,NASDAQ (ZDA)
RYAM,NASDAQ (ZDA)
RYAN,NASDAQ (ZDA)
RYM,NASDAQ (ZDA)
RYN,NASDAQ (ZDA)
RYTM,NASDAQ (ZDA)
RYZ,NASDAQ (ZDA)
RZB,NASDAQ (ZDA)
RZLT,NASDAQ (ZDA)
RZLV,NASDAQ (ZDA)
S,NASDAQ (ZDA)
SA,NASDAQ (ZDA)
SABA,NASDAQ (ZDA)
SABS,NASDAQ (ZDA)
SAFE,NASDAQ (ZDA)
SAFT,NASDAQ (ZDA)
SAH,NASDAQ (ZDA)
SAIA,NASDAQ (ZDA)
SAIC,NASDAQ (ZDA)
SAIH,NASDAQ (ZDA)
SAM,NASDAQ (ZDA)
SAMG,NASDAQ (ZDA)
SAN,NASDAQ (ZDA)
SANA,NASDAQ (ZDA)
SANG,NASDAQ (ZDA)
SANM,NASDAQ (ZDA)
SAP,NASDAQ (ZDA)
SAR,NASDAQ (ZDA)
SAT,NASDAQ (ZDA)
SATL,NASDAQ (ZDA)
SATS,NASDAQ (ZDA)
SB,NASDAQ (ZDA)
SBAC,NASDAQ (ZDA)
SBCF,NASDAQ (ZDA)
SBET,NASDAQ (ZDA)
SBFG,NASDAQ (ZDA)
SBFM,NASDAQ (ZDA)
SBGI,NASDAQ (ZDA)
SBH,NASDAQ (ZDA)
SBI,NASDAQ (ZDA)
SBLK,NASDAQ (ZDA)
SBR,NASDAQ (ZDA)
SBRA,NASDAQ (ZDA)
SBS,NASDAQ (ZDA)
SBSI,NASDAQ (ZDA)
SBSW,NASDAQ (ZDA)
SBUX,NASDAQ (ZDA)
SCCD,NASDAQ (ZDA)
SCCE,NASDAQ (ZDA)
SCCF,NASDAQ (ZDA)
SCCO,NASDAQ (ZDA)
SCD,NASDAQ (ZDA)
SCHL,NASDAQ (ZDA)
SCHW,NASDAQ (ZDA)
SCI,NASDAQ (ZDA)
SCL,NASDAQ (ZDA)
SCLX,NASDAQ (ZDA)
SCM,NASDAQ (ZDA)
SCOR,NASDAQ (ZDA)
SCSC,NASDAQ (ZDA)
SCVL,NASDAQ (ZDA)
SCWO,NASDAQ (ZDA)
SCYX,NASDAQ (ZDA)
SCZM,NASDAQ (ZDA)
SD,NASDAQ (ZDA)
SDGR,NASDAQ (ZDA)
SDHY,NASDAQ (ZDA)
SDOT,NASDAQ (ZDA)
SDST,NASDAQ (ZDA)
SE,NASDAQ (ZDA)
SEAT,NASDAQ (ZDA)
SEB,NASDAQ (ZDA)
SEDG,NASDAQ (ZDA)
SEI,NASDAQ (ZDA)
SEIC,NASDAQ (ZDA)
SELF,NASDAQ (ZDA)
SEM,NASDAQ (ZDA)
SENEA,NASDAQ (ZDA)
SENEB,NASDAQ (ZDA)
SENS,NASDAQ (ZDA)
SERA,NASDAQ (ZDA)
SEVN,NASDAQ (ZDA)
SF,NASDAQ (ZDA)
SFBC,NASDAQ (ZDA)
SFBS,NASDAQ (ZDA)
SFIX,NASDAQ (ZDA)
SFL,NASDAQ (ZDA)
SFM,NASDAQ (ZDA)
SFNC,NASDAQ (ZDA)
SFST,NASDAQ (ZDA)
SG,NASDAQ (ZDA)
SGA,NASDAQ (ZDA)
SGC,NASDAQ (ZDA)
SGHC,NASDAQ (ZDA)
SGHT,NASDAQ (ZDA)
SGI,NASDAQ (ZDA)
SGML,NASDAQ (ZDA)
SGRY,NASDAQ (ZDA)
SGU,NASDAQ (ZDA)
SHAK,NASDAQ (ZDA)
SHBI,NASDAQ (ZDA)
SHC,NASDAQ (ZDA)
SHEL,NASDAQ (ZDA)
SHEN,NASDAQ (ZDA)
SHG,NASDAQ (ZDA)
SHIP,NASDAQ (ZDA)
SHLS,NASDAQ (ZDA)
SHO,NASDAQ (ZDA)
SHOO,NASDAQ (ZDA)
SHOP,NASDAQ (ZDA)
SHW,NASDAQ (ZDA)
SIBN,NASDAQ (ZDA)
SIDU,NASDAQ (ZDA)
SIF,NASDAQ (ZDA)
SIFY,NASDAQ (ZDA)
SIG,NASDAQ (ZDA)
SIGA,NASDAQ (ZDA)
SIGI,NASDAQ (ZDA)
SIGIP,NASDAQ (ZDA)
SII,NASDAQ (ZDA)
SILC,NASDAQ (ZDA)
SIM,NASDAQ (ZDA)
SIMO,NASDAQ (ZDA)
SINT,NASDAQ (ZDA)
SIRI,NASDAQ (ZDA)
SITC,NASDAQ (ZDA)
SITE,NASDAQ (ZDA)
SITM,NASDAQ (ZDA)
SJM,NASDAQ (ZDA)
SJT,NASDAQ (ZDA)
SKE,NASDAQ (ZDA)
SKIL,NASDAQ (ZDA)
SKLZ,NASDAQ (ZDA)
SKM,NASDAQ (ZDA)
SKT,NASDAQ (ZDA)
SKY,NASDAQ (ZDA)
SKYH,NASDAQ (ZDA)
SKYT,NASDAQ (ZDA)
SKYW,NASDAQ (ZDA)
SLAB,NASDAQ (ZDA)
SLB,NASDAQ (ZDA)
SLDB,NASDAQ (ZDA)
SLDP,NASDAQ (ZDA)
SLE,NASDAQ (ZDA)
SLF,NASDAQ (ZDA)
SLG,NASDAQ (ZDA)
SLGL,NASDAQ (ZDA)
SLGN,NASDAQ (ZDA)
SLI,NASDAQ (ZDA)
SLM,NASDAQ (ZDA)
SLMBP,NASDAQ (ZDA)
SLN,NASDAQ (ZDA)
SLNG,NASDAQ (ZDA)
SLNHP,NASDAQ (ZDA)
SLP,NASDAQ (ZDA)
SLRC,NASDAQ (ZDA)
SLS,NASDAQ (ZDA)
SLSR,NASDAQ (ZDA)
SLVM,NASDAQ (ZDA)
SLXN,NASDAQ (ZDA)
SM,NASDAQ (ZDA)
SMBC,NASDAQ (ZDA)
SMBK,NASDAQ (ZDA)
SMC,NASDAQ (ZDA)
SMCI,NASDAQ (ZDA)
SMFG,NASDAQ (ZDA)
SMG,NASDAQ (ZDA)
SMHI,NASDAQ (ZDA)
SMID,NASDAQ (ZDA)
SMMT,NASDAQ (ZDA)
SMP,NASDAQ (ZDA)
SMPL,NASDAQ (ZDA)
SMR,NASDAQ (ZDA)
SMTC,NASDAQ (ZDA)
SMTI,NASDAQ (ZDA)
SMWB,NASDAQ (ZDA)
SNA,NASDAQ (ZDA)
SNAP,NASDAQ (ZDA)
SND,NASDAQ (ZDA)
SNDA,NASDAQ (ZDA)
SNDR,NASDAQ (ZDA)
SNDX,NASDAQ (ZDA)
SNEX,NASDAQ (ZDA)
SNFCA,NASDAQ (ZDA)
SNN,NASDAQ (ZDA)
SNOW,NASDAQ (ZDA)
SNPS,NASDAQ (ZDA)
SNSE,NASDAQ (ZDA)
SNT,NASDAQ (ZDA)
SNX,NASDAQ (ZDA)
SNY,NASDAQ (ZDA)
SO,NASDAQ (ZDA)
SOC,NASDAQ (ZDA)
SOFI,NASDAQ (ZDA)
SOGP,NASDAQ (ZDA)
SOHU,NASDAQ (ZDA)
SOJC,NASDAQ (ZDA)
SOJD,NASDAQ (ZDA)
SOJE,NASDAQ (ZDA)
SON,NASDAQ (ZDA)
SONM,NASDAQ (ZDA)
SONO,NASDAQ (ZDA)
SONY,NASDAQ (ZDA)
SOPH,NASDAQ (ZDA)
SOR,NASDAQ (ZDA)
SOTK,NASDAQ (ZDA)
SOUN,NASDAQ (ZDA)
SPB,NASDAQ (ZDA)
SPCB,NASDAQ (ZDA)
SPCE,NASDAQ (ZDA)
SPE,NASDAQ (ZDA)
SPFI,NASDAQ (ZDA)
SPG,NASDAQ (ZDA)
SPGI,NASDAQ (ZDA)
SPH,NASDAQ (ZDA)
SPHR,NASDAQ (ZDA)
SPIR,NASDAQ (ZDA)
SPNT,NASDAQ (ZDA)
SPOK,NASDAQ (ZDA)
SPOT,NASDAQ (ZDA)
SPRB,NASDAQ (ZDA)
SPRC,NASDAQ (ZDA)
SPRO,NASDAQ (ZDA)
SPRU,NASDAQ (ZDA)
SPRY,NASDAQ (ZDA)
SPSC,NASDAQ (ZDA)
SPT,NASDAQ (ZDA)
SPXC,NASDAQ (ZDA)
SPXX,NASDAQ (ZDA)
SQFT,NASDAQ (ZDA)
SQFTP,NASDAQ (ZDA)
SQM,NASDAQ (ZDA)
SQNS,NASDAQ (ZDA)
SR,NASDAQ (ZDA)
SRAD,NASDAQ (ZDA)
SRCE,NASDAQ (ZDA)
SRE,NASDAQ (ZDA)
SREA,NASDAQ (ZDA)
SRG,NASDAQ (ZDA)
SRI,NASDAQ (ZDA)
SRPT,NASDAQ (ZDA)
SRRK,NASDAQ (ZDA)
SRTA,NASDAQ (ZDA)
SRTS,NASDAQ (ZDA)
SRV,NASDAQ (ZDA)
SRZN,NASDAQ (ZDA)
SSB,NASDAQ (ZDA)
SSBI,NASDAQ (ZDA)
SSD,NASDAQ (ZDA)
SSL,NASDAQ (ZDA)
SSM,NASDAQ (ZDA)
SSNC,NASDAQ (ZDA)
SSP,NASDAQ (ZDA)
SSRM,NASDAQ (ZDA)
SSSS,NASDAQ (ZDA)
SSSSL,NASDAQ (ZDA)
SST,NASDAQ (ZDA)
SSTI,NASDAQ (ZDA)
SSTK,NASDAQ (ZDA)
SSYS,NASDAQ (ZDA)
ST,NASDAQ (ZDA)
STAA,NASDAQ (ZDA)
STAG,NASDAQ (ZDA)
STBA,NASDAQ (ZDA)
STC,NASDAQ (ZDA)
STE,NASDAQ (ZDA)
STEL,NASDAQ (ZDA)
STEM,NASDAQ (ZDA)
STEP,NASDAQ (ZDA)
STEW,NASDAQ (ZDA)
STG,NASDAQ (ZDA)
STGW,NASDAQ (ZDA)
STI,NASDAQ (ZDA)
STK,NASDAQ (ZDA)
STLA,NASDAQ (ZDA)
STLD,NASDAQ (ZDA)
STM,NASDAQ (ZDA)
STN,NASDAQ (ZDA)
STNE,NASDAQ (ZDA)
STNG,NASDAQ (ZDA)
STOK,NASDAQ (ZDA)
STRA,NASDAQ (ZDA)
STRL,NASDAQ (ZDA)
STRO,NASDAQ (ZDA)
STRR,NASDAQ (ZDA)
STRRP,NASDAQ (ZDA)
STRS,NASDAQ (ZDA)
STRT,NASDAQ (ZDA)
STT,NASDAQ (ZDA)
STTK,NASDAQ (ZDA)
STVN,NASDAQ (ZDA)
STWD,NASDAQ (ZDA)
STX,NASDAQ (ZDA)
STZ,NASDAQ (ZDA)
SU,NASDAQ (ZDA)
SUI,NASDAQ (ZDA)
SUN,NASDAQ (ZDA)
SUPN,NASDAQ (ZDA)
SUPV,NASDAQ (ZDA)
SUZ,NASDAQ (ZDA)
SVM,NASDAQ (ZDA)
SVRA,NASDAQ (ZDA)
SVRE,NASDAQ (ZDA)
SVRN,NASDAQ (ZDA)
SW,NASDAQ (ZDA)
SWAG,NASDAQ (ZDA)
SWBI,NASDAQ (ZDA)
SWIM,NASDAQ (ZDA)
SWK,NASDAQ (ZDA)
SWKS,NASDAQ (ZDA)
SWX,NASDAQ (ZDA)
SWZ,NASDAQ (ZDA)
SXC,NASDAQ (ZDA)
SXI,NASDAQ (ZDA)
SXT,NASDAQ (ZDA)
SY,NASDAQ (ZDA)
SYBT,NASDAQ (ZDA)
SYF,NASDAQ (ZDA)
SYK,NASDAQ (ZDA)
SYM,NASDAQ (ZDA)
SYNA,NASDAQ (ZDA)
SYPR,NASDAQ (ZDA)
SYRE,NASDAQ (ZDA)
SYY,NASDAQ (ZDA)
T,NASDAQ (ZDA)
TAC,NASDAQ (ZDA)
TACT,NASDAQ (ZDA)
TAK,NASDAQ (ZDA)
TAL,NASDAQ (ZDA)
TALK,NASDAQ (ZDA)
TALO,NASDAQ (ZDA)
TAOX,NASDAQ (ZDA)
TAP,NASDAQ (ZDA)
TARA,NASDAQ (ZDA)
TARS,NASDAQ (ZDA)
TASK,NASDAQ (ZDA)
TATT,NASDAQ (ZDA)
TAYD,NASDAQ (ZDA)
TBB,NASDAQ (ZDA)
TBBK,NASDAQ (ZDA)
TBCH,NASDAQ (ZDA)
TBI,NASDAQ (ZDA)
TBLA,NASDAQ (ZDA)
TBLD,NASDAQ (ZDA)
TBPH,NASDAQ (ZDA)
TBRG,NASDAQ (ZDA)
TC,NASDAQ (ZDA)
TCBI,NASDAQ (ZDA)
TCBIO,NASDAQ (ZDA)
TCBK,NASDAQ (ZDA)
TCBS,NASDAQ (ZDA)
TCBX,NASDAQ (ZDA)
TCI,NASDAQ (ZDA)
TCMD,NASDAQ (ZDA)
TCOM,NASDAQ (ZDA)
TCPC,NASDAQ (ZDA)
TCRT,NASDAQ (ZDA)
TCX,NASDAQ (ZDA)
TD,NASDAQ (ZDA)
TDAY,NASDAQ (ZDA)
TDC,NASDAQ (ZDA)
TDF,NASDAQ (ZDA)
TDG,NASDAQ (ZDA)
TDOC,NASDAQ (ZDA)
TDS,NASDAQ (ZDA)
TDUP,NASDAQ (ZDA)
TDW,NASDAQ (ZDA)
TDY,NASDAQ (ZDA)
TE,NASDAQ (ZDA)
TEAM,NASDAQ (ZDA)
TECH,NASDAQ (ZDA)
TECK,NASDAQ (ZDA)
TECX,NASDAQ (ZDA)
TEI,NASDAQ (ZDA)
TEL,NASDAQ (ZDA)
TEN,NASDAQ (ZDA)
TENB,NASDAQ (ZDA)
TENX,NASDAQ (ZDA)
TEO,NASDAQ (ZDA)
TER,NASDAQ (ZDA)
TEVA,NASDAQ (ZDA)
TEX,NASDAQ (ZDA)
TFC,NASDAQ (ZDA)
TFII,NASDAQ (ZDA)
TFIN,NASDAQ (ZDA)
TFSL,NASDAQ (ZDA)
TFX,NASDAQ (ZDA)
TG,NASDAQ (ZDA)
TGB,NASDAQ (ZDA)
TGEN,NASDAQ (ZDA)
TGLS,NASDAQ (ZDA)
TGS,NASDAQ (ZDA)
TGT,NASDAQ (ZDA)
TGTX,NASDAQ (ZDA)
TH,NASDAQ (ZDA)
THC,NASDAQ (ZDA)
THCH,NASDAQ (ZDA)
THFF,NASDAQ (ZDA)
THG,NASDAQ (ZDA)
THM,NASDAQ (ZDA)
THO,NASDAQ (ZDA)
THQ,NASDAQ (ZDA)
THRM,NASDAQ (ZDA)
THRY,NASDAQ (ZDA)
THW,NASDAQ (ZDA)
TIGO,NASDAQ (ZDA)
TIGR,NASDAQ (ZDA)
TII,NASDAQ (ZDA)
TIL,NASDAQ (ZDA)
TILE,NASDAQ (ZDA)
TIMB,NASDAQ (ZDA)
TIPT,NASDAQ (ZDA)
TISI,NASDAQ (ZDA)
TITN,NASDAQ (ZDA)
TJX,NASDAQ (ZDA)
TK,NASDAQ (ZDA)
TKC,NASDAQ (ZDA)
TKNO,NASDAQ (ZDA)
TKO,NASDAQ (ZDA)
TKR,NASDAQ (ZDA)
TLF,NASDAQ (ZDA)
TLK,NASDAQ (ZDA)
TLRY,NASDAQ (ZDA)
TLS,NASDAQ (ZDA)
TLSI,NASDAQ (ZDA)
TLYS,NASDAQ (ZDA)
TM,NASDAQ (ZDA)
TMC,NASDAQ (ZDA)
TMCI,NASDAQ (ZDA)
TMDX,NASDAQ (ZDA)
TME,NASDAQ (ZDA)
TMHC,NASDAQ (ZDA)
TMO,NASDAQ (ZDA)
TMP,NASDAQ (ZDA)
TMQ,NASDAQ (ZDA)
TMUS,NASDAQ (ZDA)
TNC,NASDAQ (ZDA)
TNDM,NASDAQ (ZDA)
TNET,NASDAQ (ZDA)
TNGX,NASDAQ (ZDA)
TNK,NASDAQ (ZDA)
TNL,NASDAQ (ZDA)
TNXP,NASDAQ (ZDA)
TOI,NASDAQ (ZDA)
TOL,NASDAQ (ZDA)
TONX,NASDAQ (ZDA)
TOST,NASDAQ (ZDA)
TOUR,NASDAQ (ZDA)
TOWN,NASDAQ (ZDA)
TOYO,NASDAQ (ZDA)
TPB,NASDAQ (ZDA)
TPC,NASDAQ (ZDA)
TPCS,NASDAQ (ZDA)
TPG,NASDAQ (ZDA)
TPL,NASDAQ (ZDA)
TPR,NASDAQ (ZDA)
TPTA,NASDAQ (ZDA)
TPVG,NASDAQ (ZDA)
TR,NASDAQ (ZDA)
TRAK,NASDAQ (ZDA)
TRC,NASDAQ (ZDA)
TRDA,NASDAQ (ZDA)
TREE,NASDAQ (ZDA)
TREX,NASDAQ (ZDA)
TRGP,NASDAQ (ZDA)
TRI,NASDAQ (ZDA)
TRIN,NASDAQ (ZDA)
TRIP,NASDAQ (ZDA)
TRMB,NASDAQ (ZDA)
TRMD,NASDAQ (ZDA)
TRMK,NASDAQ (ZDA)
TRN,NASDAQ (ZDA)
TRNO,NASDAQ (ZDA)
TRNS,NASDAQ (ZDA)
TROO,NASDAQ (ZDA)
TROW,NASDAQ (ZDA)
TROX,NASDAQ (ZDA)
TRP,NASDAQ (ZDA)
TRS,NASDAQ (ZDA)
TRST,NASDAQ (ZDA)
TRT,NASDAQ (ZDA)
TRTX,NASDAQ (ZDA)
TRU,NASDAQ (ZDA)
TRUP,NASDAQ (ZDA)
TRV,NASDAQ (ZDA)
TRVG,NASDAQ (ZDA)
TRVI,NASDAQ (ZDA)
TS,NASDAQ (ZDA)
TSAT,NASDAQ (ZDA)
TSBK,NASDAQ (ZDA)
TSCO,NASDAQ (ZDA)
TSEM,NASDAQ (ZDA)
TSHA,NASDAQ (ZDA)
TSI,NASDAQ (ZDA)
TSLA,NASDAQ (ZDA)
TSLX,NASDAQ (ZDA)
TSM,NASDAQ (ZDA)
TSN,NASDAQ (ZDA)
TSQ,NASDAQ (ZDA)
TSSI,NASDAQ (ZDA)
TT,NASDAQ (ZDA)
TTC,NASDAQ (ZDA)
TTD,NASDAQ (ZDA)
TTE,NASDAQ (ZDA)
TTEC,NASDAQ (ZDA)
TTEK,NASDAQ (ZDA)
TTGT,NASDAQ (ZDA)
TTI,NASDAQ (ZDA)
TTMI,NASDAQ (ZDA)
TTWO,NASDAQ (ZDA)
TU,NASDAQ (ZDA)
TULP,NASDAQ (ZDA)
TUSK,NASDAQ (ZDA)
TUYA,NASDAQ (ZDA)
TV,NASDAQ (ZDA)
TVC,NASDAQ (ZDA)
TVE,NASDAQ (ZDA)
TVGN,NASDAQ (ZDA)
TVRD,NASDAQ (ZDA)
TVTX,NASDAQ (ZDA)
TW,NASDAQ (ZDA)
TWI,NASDAQ (ZDA)
TWIN,NASDAQ (ZDA)
TWLO,NASDAQ (ZDA)
TWN,NASDAQ (ZDA)
TWO,NASDAQ (ZDA)
TWST,NASDAQ (ZDA)
TX,NASDAQ (ZDA)
TXG,NASDAQ (ZDA)
TXMD,NASDAQ (ZDA)
TXN,NASDAQ (ZDA)
TXNM,NASDAQ (ZDA)
TXRH,NASDAQ (ZDA)
TXT,NASDAQ (ZDA)
TY,NASDAQ (ZDA)
TYG,NASDAQ (ZDA)
TYGO,NASDAQ (ZDA)
TYL,NASDAQ (ZDA)
TYRA,NASDAQ (ZDA)
TZOO,NASDAQ (ZDA)
U,NASDAQ (ZDA)
UA,NASDAQ (ZDA)
UAA,NASDAQ (ZDA)
UAL,NASDAQ (ZDA)
UAMY,NASDAQ (ZDA)
UAN,NASDAQ (ZDA)
UBCP,NASDAQ (ZDA)
UBER,NASDAQ (ZDA)
UBS,NASDAQ (ZDA)
UBSI,NASDAQ (ZDA)
UCB,NASDAQ (ZDA)
UCTT,NASDAQ (ZDA)
UDR,NASDAQ (ZDA)
UE,NASDAQ (ZDA)
UEC,NASDAQ (ZDA)
UEIC,NASDAQ (ZDA)
UFCS,NASDAQ (ZDA)
UFI,NASDAQ (ZDA)
UFPI,NASDAQ (ZDA)
UFPT,NASDAQ (ZDA)
UG,NASDAQ (ZDA)
UGI,NASDAQ (ZDA)
UGP,NASDAQ (ZDA)
UGRO,NASDAQ (ZDA)
UHAL,NASDAQ (ZDA)
UHS,NASDAQ (ZDA)
UHT,NASDAQ (ZDA)
UI,NASDAQ (ZDA)
UIS,NASDAQ (ZDA)
UK,NASDAQ (ZDA)
UL,NASDAQ (ZDA)
ULBI,NASDAQ (ZDA)
ULCC,NASDAQ (ZDA)
ULH,NASDAQ (ZDA)
ULTA,NASDAQ (ZDA)
UMBF,NASDAQ (ZDA)
UMC,NASDAQ (ZDA)
UMH,NASDAQ (ZDA)
UNB,NASDAQ (ZDA)
UNCY,NASDAQ (ZDA)
UNF,NASDAQ (ZDA)
UNFI,NASDAQ (ZDA)
UNH,NASDAQ (ZDA)
UNIT,NASDAQ (ZDA)
UNM,NASDAQ (ZDA)
UNMA,NASDAQ (ZDA)
UNP,NASDAQ (ZDA)
UNTY,NASDAQ (ZDA)
UONE,NASDAQ (ZDA)
UONEK,NASDAQ (ZDA)
UP,NASDAQ (ZDA)
UPBD,NASDAQ (ZDA)
UPC,NASDAQ (ZDA)
UPS,NASDAQ (ZDA)
UPST,NASDAQ (ZDA)
UPWK,NASDAQ (ZDA)
URBN,NASDAQ (ZDA)
URGN,NASDAQ (ZDA)
URI,NASDAQ (ZDA)
UROY,NASDAQ (ZDA)
USA,NASDAQ (ZDA)
USAC,NASDAQ (ZDA)
USAS,NASDAQ (ZDA)
USAU,NASDAQ (ZDA)
USB,NASDAQ (ZDA)
USCB,NASDAQ (ZDA)
USEA,NASDAQ (ZDA)
USFD,NASDAQ (ZDA)
USLM,NASDAQ (ZDA)
USNA,NASDAQ (ZDA)
USPH,NASDAQ (ZDA)
UTF,NASDAQ (ZDA)
UTG,NASDAQ (ZDA)
UTHR,NASDAQ (ZDA)
UTI,NASDAQ (ZDA)
UTL,NASDAQ (ZDA)
UTMD,NASDAQ (ZDA)
UTSI,NASDAQ (ZDA)
UTZ,NASDAQ (ZDA)
UUU,NASDAQ (ZDA)
UUUU,NASDAQ (ZDA)
UVE,NASDAQ (ZDA)
UVSP,NASDAQ (ZDA)
UVV,NASDAQ (ZDA)
UWMC,NASDAQ (ZDA)
UXIN,NASDAQ (ZDA)
UZD,NASDAQ (ZDA)
UZE,NASDAQ (ZDA)
UZF,NASDAQ (ZDA)
V,NASDAQ (ZDA)
VABK,NASDAQ (ZDA)
VAC,NASDAQ (ZDA)
VAL,NASDAQ (ZDA)
VALE,NASDAQ (ZDA)
VALN,NASDAQ (ZDA)
VALU,NASDAQ (ZDA)
VATE,NASDAQ (ZDA)
VBF,NASDAQ (ZDA)
VBNK,NASDAQ (ZDA)
VC,NASDAQ (ZDA)
VCEL,NASDAQ (ZDA)
VCTR,NASDAQ (ZDA)
VCV,NASDAQ (ZDA)
VCYT,NASDAQ (ZDA)
VECO,NASDAQ (ZDA)
VEEE,NASDAQ (ZDA)
VEEV,NASDAQ (ZDA)
VEL,NASDAQ (ZDA)
VELO,NASDAQ (ZDA)
VEON,NASDAQ (ZDA)
VERA,NASDAQ (ZDA)
VERI,NASDAQ (ZDA)
VERU,NASDAQ (ZDA)
VERX,NASDAQ (ZDA)
VET,NASDAQ (ZDA)
VFC,NASDAQ (ZDA)
VFF,NASDAQ (ZDA)
VFL,NASDAQ (ZDA)
VFS,NASDAQ (ZDA)
VGI,NASDAQ (ZDA)
VGM,NASDAQ (ZDA)
VGZ,NASDAQ (ZDA)
VHC,NASDAQ (ZDA)
VHI,NASDAQ (ZDA)
VIASP,NASDAQ (ZDA)
VIAV,NASDAQ (ZDA)
VICI,NASDAQ (ZDA)
VICR,NASDAQ (ZDA)
VINP,NASDAQ (ZDA)
VIPS,NASDAQ (ZDA)
VIR,NASDAQ (ZDA)
VIRC,NASDAQ (ZDA)
VIRT,NASDAQ (ZDA)
VISN,NASDAQ (ZDA)
VIST,NASDAQ (ZDA)
VITL,NASDAQ (ZDA)
VIV,NASDAQ (ZDA)
VIVO,NASDAQ (ZDA)
VKI,NASDAQ (ZDA)
VKQ,NASDAQ (ZDA)
VKTX,NASDAQ (ZDA)
VLGEA,NASDAQ (ZDA)
VLN,NASDAQ (ZDA)
VLO,NASDAQ (ZDA)
VLRS,NASDAQ (ZDA)
VLT,NASDAQ (ZDA)
VLY,NASDAQ (ZDA)
VLYPO,NASDAQ (ZDA)
VLYPP,NASDAQ (ZDA)
VMC,NASDAQ (ZDA)
VMD,NASDAQ (ZDA)
VMI,NASDAQ (ZDA)
VMO,NASDAQ (ZDA)
VNCE,NASDAQ (ZDA)
VNDA,NASDAQ (ZDA)
VNET,NASDAQ (ZDA)
VNO,NASDAQ (ZDA)
VNOM,NASDAQ (ZDA)
VNRX,NASDAQ (ZDA)
VNT,NASDAQ (ZDA)
VOC,NASDAQ (ZDA)
VOD,NASDAQ (ZDA)
VOR,NASDAQ (ZDA)
VOXR,NASDAQ (ZDA)
VOYA,NASDAQ (ZDA)
VPG,NASDAQ (ZDA)
VPV,NASDAQ (ZDA)
VRA,NASDAQ (ZDA)
VRCA,NASDAQ (ZDA)
VRDN,NASDAQ (ZDA)
VREX,NASDAQ (ZDA)
VRNS,NASDAQ (ZDA)
VRRM,NASDAQ (ZDA)
VRSK,NASDAQ (ZDA)
VRSN,NASDAQ (ZDA)
VRT,NASDAQ (ZDA)
VRTS,NASDAQ (ZDA)
VRTX,NASDAQ (ZDA)
VSA,NASDAQ (ZDA)
VSAT,NASDAQ (ZDA)
VSCO,NASDAQ (ZDA)
VSEC,NASDAQ (ZDA)
VSH,NASDAQ (ZDA)
VST,NASDAQ (ZDA)
VSTM,NASDAQ (ZDA)
VTEX,NASDAQ (ZDA)
VTN,NASDAQ (ZDA)
VTOL,NASDAQ (ZDA)
VTR,NASDAQ (ZDA)
VTRS,NASDAQ (ZDA)
VTSI,NASDAQ (ZDA)
VTVT,NASDAQ (ZDA)
VUZI,NASDAQ (ZDA)
VVR,NASDAQ (ZDA)
VVV,NASDAQ (ZDA)
VVX,NASDAQ (ZDA)
VYGR,NASDAQ (ZDA)
VYX,NASDAQ (ZDA)
VZ,NASDAQ (ZDA)
VZLA,NASDAQ (ZDA)
W,NASDAQ (ZDA)
WAB,NASDAQ (ZDA)
WABC,NASDAQ (ZDA)
WAFD,NASDAQ (ZDA)
WAFDP,NASDAQ (ZDA)
WAL,NASDAQ (ZDA)
WASH,NASDAQ (ZDA)
WAT,NASDAQ (ZDA)
WATT,NASDAQ (ZDA)
WAVE,NASDAQ (ZDA)
WB,NASDAQ (ZDA)
WBD,NASDAQ (ZDA)
WBS,NASDAQ (ZDA)
WBX,NASDAQ (ZDA)
WCC,NASDAQ (ZDA)
WCN,NASDAQ (ZDA)
WD,NASDAQ (ZDA)
WDAY,NASDAQ (ZDA)
WDC,NASDAQ (ZDA)
WDFC,NASDAQ (ZDA)
WDI,NASDAQ (ZDA)
WDS,NASDAQ (ZDA)
WEA,NASDAQ (ZDA)
WEAV,NASDAQ (ZDA)
WEC,NASDAQ (ZDA)
WELL,NASDAQ (ZDA)
WEN,NASDAQ (ZDA)
WERN,NASDAQ (ZDA)
WES,NASDAQ (ZDA)
WEST,NASDAQ (ZDA)
WEX,NASDAQ (ZDA)
WEYS,NASDAQ (ZDA)
WF,NASDAQ (ZDA)
WFC,NASDAQ (ZDA)
WFCF,NASDAQ (ZDA)
WFG,NASDAQ (ZDA)
WFRD,NASDAQ (ZDA)
WGO,NASDAQ (ZDA)
WGS,NASDAQ (ZDA)
WH,NASDAQ (ZDA)
WHD,NASDAQ (ZDA)
WHF,NASDAQ (ZDA)
WHG,NASDAQ (ZDA)
WHLRD,NASDAQ (ZDA)
WHLRP,NASDAQ (ZDA)
WHR,NASDAQ (ZDA)
WHWK,NASDAQ (ZDA)
WIA,NASDAQ (ZDA)
WILC,NASDAQ (ZDA)
WINA,NASDAQ (ZDA)
WING,NASDAQ (ZDA)
WIT,NASDAQ (ZDA)
WIW,NASDAQ (ZDA)
WIX,NASDAQ (ZDA)
WK,NASDAQ (ZDA)
WKC,NASDAQ (ZDA)
WKEY,NASDAQ (ZDA)
WKHS,NASDAQ (ZDA)
WLDN,NASDAQ (ZDA)
WLFC,NASDAQ (ZDA)
WLK,NASDAQ (ZDA)
WLKP,NASDAQ (ZDA)
WLY,NASDAQ (ZDA)
WLYB,NASDAQ (ZDA)
WM,NASDAQ (ZDA)
WMB,NASDAQ (ZDA)
WMG,NASDAQ (ZDA)
WMK,NASDAQ (ZDA)
WMS,NASDAQ (ZDA)
WMT,NASDAQ (ZDA)
WNC,NASDAQ (ZDA)
WNEB,NASDAQ (ZDA)
WNW,NASDAQ (ZDA)
WOOF,NASDAQ (ZDA)
WOR,NASDAQ (ZDA)
WPC,NASDAQ (ZDA)
WPM,NASDAQ (ZDA)
WPP,NASDAQ (ZDA)
WRB,NASDAQ (ZDA)
WRBY,NASDAQ (ZDA)
WRLD,NASDAQ (ZDA)
WRN,NASDAQ (ZDA)
WSBC,NASDAQ (ZDA)
WSBF,NASDAQ (ZDA)
WSC,NASDAQ (ZDA)
WSFS,NASDAQ (ZDA)
WSM,NASDAQ (ZDA)
WSO,NASDAQ (ZDA)
WSO-B,NASDAQ (ZDA)
WSR,NASDAQ (ZDA)
WST,NASDAQ (ZDA)
WT,NASDAQ (ZDA)
WTBA,NASDAQ (ZDA)
WTFC,NASDAQ (ZDA)
WTI,NASDAQ (ZDA)
WTM,NASDAQ (ZDA)
WTRG,NASDAQ (ZDA)
WTS,NASDAQ (ZDA)
WTTR,NASDAQ (ZDA)
WTW,NASDAQ (ZDA)
WU,NASDAQ (ZDA)
WULF,NASDAQ (ZDA)
WVE,NASDAQ (ZDA)
WVVI,NASDAQ (ZDA)
WVVIP,NASDAQ (ZDA)
WWD,NASDAQ (ZDA)
WWW,NASDAQ (ZDA)
WY,NASDAQ (ZDA)
WYNN,NASDAQ (ZDA)
WYY,NASDAQ (ZDA)
XBIO,NASDAQ (ZDA)
XBIT,NASDAQ (ZDA)
XBP,NASDAQ (ZDA)
XCUR,NASDAQ (ZDA)
XEL,NASDAQ (ZDA)
XELB,NASDAQ (ZDA)
XENE,NASDAQ (ZDA)
XERS,NASDAQ (ZDA)
XFLT,NASDAQ (ZDA)
XFOR,NASDAQ (ZDA)
XGN,NASDAQ (ZDA)
XHR,NASDAQ (ZDA)
XIFR,NASDAQ (ZDA)
XLO,NASDAQ (ZDA)
XMAX,NASDAQ (ZDA)
XMTR,NASDAQ (ZDA)
XNCR,NASDAQ (ZDA)
XNET,NASDAQ (ZDA)
XOM,NASDAQ (ZDA)
XOMA,NASDAQ (ZDA)
XOMAO,NASDAQ (ZDA)
XOMAP,NASDAQ (ZDA)
XOS,NASDAQ (ZDA)
XP,NASDAQ (ZDA)
XPEL,NASDAQ (ZDA)
XPEV,NASDAQ (ZDA)
XPO,NASDAQ (ZDA)
XPOF,NASDAQ (ZDA)
XPRO,NASDAQ (ZDA)
XRAY,NASDAQ (ZDA)
XRN,NASDAQ (ZDA)
XRTX,NASDAQ (ZDA)
XRX,NASDAQ (ZDA)
XTIA,NASDAQ (ZDA)
XTLB,NASDAQ (ZDA)
XYF,NASDAQ (ZDA)
XYL,NASDAQ (ZDA)
XYZ,NASDAQ (ZDA)
YALA,NASDAQ (ZDA)
YELP,NASDAQ (ZDA)
YETI,NASDAQ (ZDA)
YEXT,NASDAQ (ZDA)
YHGJ,NASDAQ (ZDA)
YI,NASDAQ (ZDA)
YMM,NASDAQ (ZDA)
YORW,NASDAQ (ZDA)
YOU,NASDAQ (ZDA)
YPF,NASDAQ (ZDA)
YQ,NASDAQ (ZDA)
YSG,NASDAQ (ZDA)
YUM,NASDAQ (ZDA)
YUMC,NASDAQ (ZDA)
YYAI,NASDAQ (ZDA)
Z,NASDAQ (ZDA)
ZBH,NASDAQ (ZDA)
ZBRA,NASDAQ (ZDA)
ZD,NASDAQ (ZDA)
ZDGE,NASDAQ (ZDA)
ZEPP,NASDAQ (ZDA)
ZETA,NASDAQ (ZDA)
ZG,NASDAQ (ZDA)
ZGN,NASDAQ (ZDA)
ZH,NASDAQ (ZDA)
ZIM,NASDAQ (ZDA)
ZION,NASDAQ (ZDA)
ZIONP,NASDAQ (ZDA)
ZIP,NASDAQ (ZDA)
ZLAB,NASDAQ (ZDA)
ZM,NASDAQ (ZDA)
ZNTL,NASDAQ (ZDA)
ZS,NASDAQ (ZDA)
ZSQR,NASDAQ (ZDA)
ZSTK,NASDAQ (ZDA)
ZTO,NASDAQ (ZDA)
ZTR,NASDAQ (ZDA)
ZTS,NASDAQ (ZDA)
ZUMZ,NASDAQ (ZDA)
ZVRA,NASDAQ (ZDA)
ZWS,NASDAQ (ZDA)
ZYME,NASDAQ (ZDA)
GOOGL,NASDAQ (ZDA)
GOOG,NASDAQ (ZDA)
HD,NASDAQ (ZDA)
GILD,NASDAQ (ZDA)
GEN,NASDAQ (ZDA)
GEO,NASDAQ (ZDA)
GME,NASDAQ (ZDA)
GOLD,NASDAQ (ZDA)
GTLB,NASDAQ (ZDA)
GRMN,NASDAQ (ZDA)
GENC,NASDAQ (ZDA)
GENI,NASDAQ (ZDA)
GFS,NASDAQ (ZDA)
GLNG,NASDAQ (ZDA)
GLOB,NASDAQ (ZDA)
GLW,NASDAQ (ZDA)
GNRC,NASDAQ (ZDA)
GOGO,NASDAQ (ZDA)
GOOS,NASDAQ (ZDA)
GRAB,NASDAQ (ZDA)
GRBK,NASDAQ (ZDA)
GRND,NASDAQ (ZDA)
GRPN,NASDAQ (ZDA)
GSBC,NASDAQ (ZDA)
GSBD,NASDAQ (ZDA)
GSHD,NASDAQ (ZDA)
GSK,NASDAQ (ZDA)
GSM,NASDAQ (ZDA)
GT,NASDAQ (ZDA)
GTE,NASDAQ (ZDA)
GXO,NASDAQ (ZDA)
GYRE,NASDAQ (ZDA)
HAE,NASDAQ (ZDA)
HAFC,NASDAQ (ZDA)
HAL,NASDAQ (ZDA)
HALO,NASDAQ (ZDA)
HAS,NASDAQ (ZDA)
HASI,NASDAQ (ZDA)
HBAN,NASDAQ (ZDA)
HCA,NASDAQ (ZDA)
HCC,NASDAQ (ZDA)
HCI,NASDAQ (ZDA)
HCKT,NASDAQ (ZDA)
HCSG,NASDAQ (ZDA)
HDB,NASDAQ (ZDA)
HEI,NASDAQ (ZDA)
HELE,NASDAQ (ZDA)
HEPS,NASDAQ (ZDA)
HIG,NASDAQ (ZDA)
HII,NASDAQ (ZDA)
HIMS,NASDAQ (ZDA)
HIMX,NASDAQ (ZDA)
HIPO,NASDAQ (ZDA)
HITI,NASDAQ (ZDA)
